,0,1,2,3,4
0,w,h,i,c,h
1,t,h,e,r,e
2,t,h,e,i,r
3,a,b,o,u,t
4,w,o,u,l,d
5,t,h,e,s,e
6,o,t,h,e,r
7,w,o,r,d,s
8,c,o,u,l,d
9,w,r,i,t,e
10,f,i,r,s,t
11,w,a,t,e,r
12,a,f,t,e,r
13,w,h,e,r,e
14,r,i,g,h,t
15,t,h,i,n,k
16,t,h,r,e,e
17,y,e,a,r,s
18,p,l,a,c,e
19,s,o,u,n,d
20,g,r,e,a,t
21,a,g,a,i,n
22,s,t,i,l,l
23,e,v,e,r,y
24,s,m,a,l,l
25,f,o,u,n,d
26,t,h,o,s,e
27,n,e,v,e,r
28,u,n,d,e,r
29,m,i,g,h,t
30,w,h,i,l,e
31,h,o,u,s,e
32,w,o,r,l,d
33,b,e,l,o,w
34,a,s,k,e,d
35,g,o,i,n,g
36,l,a,r,g,e
37,u,n,t,i,l
38,a,l,o,n,g
39,s,h,a,l,l
40,b,e,i,n,g
41,o,f,t,e,n
42,e,a,r,t,h
43,b,e,g,a,n
44,s,i,n,c,e
45,s,t,u,d,y
46,n,i,g,h,t
47,l,i,g,h,t
48,a,b,o,v,e
49,p,a,p,e,r
50,p,a,r,t,s
51,y,o,u,n,g
52,s,t,o,r,y
53,p,o,i,n,t
54,t,i,m,e,s
55,h,e,a,r,d
56,w,h,o,l,e
57,w,h,i,t,e
58,g,i,v,e,n
59,m,e,a,n,s
60,m,u,s,i,c
61,m,i,l,e,s
62,t,h,i,n,g
63,t,o,d,a,y
64,l,a,t,e,r
65,u,s,i,n,g
66,m,o,n,e,y
67,l,i,n,e,s
68,o,r,d,e,r
69,g,r,o,u,p
70,a,m,o,n,g
71,l,e,a,r,n
72,k,n,o,w,n
73,s,p,a,c,e
74,t,a,b,l,e
75,e,a,r,l,y
76,t,r,e,e,s
77,s,h,o,r,t
78,h,a,n,d,s
79,s,t,a,t,e
80,b,l,a,c,k
81,s,h,o,w,n
82,s,t,o,o,d
83,f,r,o,n,t
84,v,o,i,c,e
85,k,i,n,d,s
86,m,a,k,e,s
87,c,o,m,e,s
88,c,l,o,s,e
89,p,o,w,e,r
90,l,i,v,e,d
91,v,o,w,e,l
92,t,a,k,e,n
93,b,u,i,l,t
94,h,e,a,r,t
95,r,e,a,d,y
96,q,u,i,t,e
97,c,l,a,s,s
98,b,r,i,n,g
99,r,o,u,n,d
100,h,o,r,s,e
101,s,h,o,w,s
102,p,i,e,c,e
103,g,r,e,e,n
104,s,t,a,n,d
105,b,i,r,d,s
106,s,t,a,r,t
107,r,i,v,e,r
108,t,r,i,e,d
109,l,e,a,s,t
110,f,i,e,l,d
111,w,h,o,s,e
112,g,i,r,l,s
113,l,e,a,v,e
114,a,d,d,e,d
115,c,o,l,o,r
116,t,h,i,r,d
117,h,o,u,r,s
118,m,o,v,e,d
119,p,l,a,n,t
120,d,o,i,n,g
121,n,a,m,e,s
122,f,o,r,m,s
123,h,e,a,v,y
124,i,d,e,a,s
125,c,r,i,e,d
126,c,h,e,c,k
127,f,l,o,o,r
128,b,e,g,i,n
129,w,o,m,a,n
130,a,l,o,n,e
131,p,l,a,n,e
132,s,p,e,l,l
133,w,a,t,c,h
134,c,a,r,r,y
135,w,r,o,t,e
136,c,l,e,a,r
137,n,a,m,e,d
138,b,o,o,k,s
139,c,h,i,l,d
140,g,l,a,s,s
141,h,u,m,a,n
142,t,a,k,e,s
143,p,a,r,t,y
144,b,u,i,l,d
145,s,e,e,m,s
146,b,l,o,o,d
147,s,i,d,e,s
148,s,e,v,e,n
149,m,o,u,t,h
150,s,o,l,v,e
151,n,o,r,t,h
152,v,a,l,u,e
153,d,e,a,t,h
154,m,a,y,b,e
155,h,a,p,p,y
156,t,e,l,l,s
157,g,i,v,e,s
158,l,o,o,k,s
159,s,h,a,p,e
160,l,i,v,e,s
161,s,t,e,p,s
162,a,r,e,a,s
163,s,e,n,s,e
164,s,p,e,a,k
165,f,o,r,c,e
166,o,c,e,a,n
167,s,p,e,e,d
168,w,o,m,e,n
169,m,e,t,a,l
170,s,o,u,t,h
171,g,r,a,s,s
172,s,c,a,l,e
173,c,e,l,l,s
174,l,o,w,e,r
175,s,l,e,e,p
176,w,r,o,n,g
177,p,a,g,e,s
178,s,h,i,p,s
179,n,e,e,d,s
180,r,o,c,k,s
181,e,i,g,h,t
182,m,a,j,o,r
183,l,e,v,e,l
184,t,o,t,a,l
185,a,h,e,a,d
186,r,e,a,c,h
187,s,t,a,r,s
188,s,t,o,r,e
189,s,i,g,h,t
190,t,e,r,m,s
191,c,a,t,c,h
192,w,o,r,k,s
193,b,o,a,r,d
194,c,o,v,e,r
195,s,o,n,g,s
196,e,q,u,a,l
197,s,t,o,n,e
198,w,a,v,e,s
199,g,u,e,s,s
200,d,a,n,c,e
201,s,p,o,k,e
202,b,r,e,a,k
203,c,a,u,s,e
204,r,a,d,i,o
205,w,e,e,k,s
206,l,a,n,d,s
207,b,a,s,i,c
208,l,i,k,e,d
209,t,r,a,d,e
210,f,r,e,s,h
211,f,i,n,a,l
212,f,i,g,h,t
213,m,e,a,n,t
214,d,r,i,v,e
215,s,p,e,n,t
216,l,o,c,a,l
217,w,a,x,e,s
218,k,n,o,w,s
219,t,r,a,i,n
220,b,r,e,a,d
221,h,o,m,e,s
222,t,e,e,t,h
223,c,o,a,s,t
224,t,h,i,c,k
225,b,r,o,w,n
226,c,l,e,a,n
227,q,u,i,e,t
228,s,u,g,a,r
229,f,a,c,t,s
230,s,t,e,e,l
231,f,o,r,t,h
232,r,u,l,e,s
233,n,o,t,e,s
234,u,n,i,t,s
235,p,e,a,c,e
236,m,o,n,t,h
237,v,e,r,b,s
238,s,e,e,d,s
239,h,e,l,p,s
240,s,h,a,r,p
241,v,i,s,i,t
242,w,o,o,d,s
243,c,h,i,e,f
244,w,a,l,l,s
245,c,r,o,s,s
246,w,i,n,g,s
247,g,r,o,w,n
248,c,a,s,e,s
249,f,o,o,d,s
250,c,r,o,p,s
251,f,r,u,i,t
252,s,t,i,c,k
253,w,a,n,t,s
254,s,t,a,g,e
255,s,h,e,e,p
256,n,o,u,n,s
257,p,l,a,i,n
258,d,r,i,n,k
259,b,o,n,e,s
260,a,p,a,r,t
261,t,u,r,n,s
262,m,o,v,e,s
263,t,o,u,c,h
264,a,n,g,l,e
265,b,a,s,e,d
266,r,a,n,g,e
267,m,a,r,k,s
268,t,i,r,e,d
269,o,l,d,e,r
270,f,a,r,m,s
271,s,p,e,n,d
272,s,h,o,e,s
273,g,o,o,d,s
274,c,h,a,i,r
275,t,w,i,c,e
276,c,e,n,t,s
277,e,m,p,t,y
278,a,l,i,k,e
279,s,t,y,l,e
280,b,r,o,k,e
281,p,a,i,r,s
282,c,o,u,n,t
283,e,n,j,o,y
284,s,c,o,r,e
285,s,h,o,r,e
286,r,o,o,t,s
287,p,a,i,n,t
288,h,e,a,d,s
289,s,h,o,o,k
290,s,e,r,v,e
291,a,n,g,r,y
292,c,r,o,w,d
293,w,h,e,e,l
294,q,u,i,c,k
295,d,r,e,s,s
296,s,h,a,r,e
297,a,l,i,v,e
298,n,o,i,s,e
299,s,o,l,i,d
300,c,l,o,t,h
301,s,i,g,n,s
302,h,i,l,l,s
303,t,y,p,e,s
304,d,r,a,w,n
305,w,o,r,t,h
306,t,r,u,c,k
307,p,i,a,n,o
308,u,p,p,e,r
309,l,o,v,e,d
310,u,s,u,a,l
311,f,a,c,e,s
312,d,r,o,v,e
313,c,a,b,i,n
314,b,o,a,t,s
315,t,o,w,n,s
316,p,r,o,u,d
317,c,o,u,r,t
318,m,o,d,e,l
319,p,r,i,m,e
320,f,i,f,t,y
321,p,l,a,n,s
322,y,a,r,d,s
323,p,r,o,v,e
324,t,o,o,l,s
325,p,r,i,c,e
326,s,h,e,e,t
327,s,m,e,l,l
328,b,o,x,e,s
329,r,a,i,s,e
330,m,a,t,c,h
331,t,r,u,t,h
332,r,o,a,d,s
333,t,h,r,e,w
334,e,n,e,m,y
335,l,u,n,c,h
336,c,h,a,r,t
337,s,c,e,n,e
338,g,r,a,p,h
339,d,o,u,b,t
340,g,u,i,d,e
341,w,i,n,d,s
342,b,l,o,c,k
343,g,r,a,i,n
344,s,m,o,k,e
345,m,i,x,e,d
346,g,a,m,e,s
347,w,a,g,o,n
348,s,w,e,e,t
349,t,o,p,i,c
350,e,x,t,r,a
351,p,l,a,t,e
352,t,i,t,l,e
353,k,n,i,f,e
354,f,e,n,c,e
355,f,a,l,l,s
356,c,l,o,u,d
357,w,h,e,a,t
358,p,l,a,y,s
359,e,n,t,e,r
360,b,r,o,a,d
361,s,t,e,a,m
362,a,t,o,m,s
363,p,r,e,s,s
364,l,y,i,n,g
365,b,a,s,i,s
366,c,l,o,c,k
367,t,a,s,t,e
368,g,r,o,w,s
369,t,h,a,n,k
370,s,t,o,r,m
371,a,g,r,e,e
372,b,r,a,i,n
373,t,r,a,c,k
374,s,m,i,l,e
375,f,u,n,n,y
376,b,e,a,c,h
377,s,t,o,c,k
378,h,u,r,r,y
379,s,a,v,e,d
380,s,o,r,r,y
381,g,i,a,n,t
382,t,r,a,i,l
383,o,f,f,e,r
384,o,u,g,h,t
385,r,o,u,g,h
386,d,a,i,l,y
387,a,v,o,i,d
388,k,e,e,p,s
389,t,h,r,o,w
390,a,l,l,o,w
391,c,r,e,a,m
392,l,a,u,g,h
393,e,d,g,e,s
394,t,e,a,c,h
395,f,r,a,m,e
396,b,e,l,l,s
397,d,r,e,a,m
398,m,a,g,i,c
399,o,c,c,u,r
400,e,n,d,e,d
401,c,h,o,r,d
402,f,a,l,s,e
403,s,k,i,l,l
404,h,o,l,e,s
405,d,o,z,e,n
406,b,r,a,v,e
407,a,p,p,l,e
408,c,l,i,m,b
409,o,u,t,e,r
410,p,i,t,c,h
411,r,u,l,e,r
412,h,o,l,d,s
413,f,i,x,e,d
414,c,o,s,t,s
415,c,a,l,l,s
416,b,l,a,n,k
417,s,t,a,f,f
418,l,a,b,o,r
419,e,a,t,e,n
420,y,o,u,t,h
421,t,o,n,e,s
422,h,o,n,o,r
423,g,l,o,b,e
424,g,a,s,e,s
425,d,o,o,r,s
426,p,o,l,e,s
427,l,o,o,s,e
428,a,p,p,l,y
429,t,e,a,r,s
430,e,x,a,c,t
431,b,r,u,s,h
432,c,h,e,s,t
433,l,a,y,e,r
434,w,h,a,l,e
435,m,i,n,o,r
436,f,a,i,t,h
437,t,e,s,t,s
438,j,u,d,g,e
439,i,t,e,m,s
440,w,o,r,r,y
441,w,a,s,t,e
442,h,o,p,e,d
443,s,t,r,i,p
444,b,e,g,u,n
445,a,s,i,d,e
446,l,a,k,e,s
447,b,o,u,n,d
448,d,e,p,t,h
449,c,a,n,d,y
450,e,v,e,n,t
451,w,o,r,s,e
452,a,w,a,r,e
453,s,h,e,l,l
454,r,o,o,m,s
455,r,a,n,c,h
456,i,m,a,g,e
457,s,n,a,k,e
458,a,l,o,u,d
459,d,r,i,e,d
460,l,i,k,e,s
461,m,o,t,o,r
462,p,o,u,n,d
463,k,n,e,e,s
464,r,e,f,e,r
465,f,u,l,l,y
466,c,h,a,i,n
467,s,h,i,r,t
468,f,l,o,u,r
469,d,r,o,p,s
470,s,p,i,t,e
471,o,r,b,i,t
472,b,a,n,k,s
473,s,h,o,o,t
474,c,u,r,v,e
475,t,r,i,b,e
476,t,i,g,h,t
477,b,l,i,n,d
478,s,l,e,p,t
479,s,h,a,d,e
480,c,l,a,i,m
481,f,l,i,e,s
482,t,h,e,m,e
483,q,u,e,e,n
484,f,i,f,t,h
485,u,n,i,o,n
486,h,e,n,c,e
487,s,t,r,a,w
488,e,n,t,r,y
489,i,s,s,u,e
490,b,i,r,t,h
491,f,e,e,l,s
492,a,n,g,e,r
493,b,r,i,e,f
494,r,h,y,m,e
495,g,l,o,r,y
496,g,u,a,r,d
497,f,l,o,w,s
498,f,l,e,s,h
499,o,w,n,e,d
500,t,r,i,c,k
501,y,o,u,r,s
502,s,i,z,e,s
503,n,o,t,e,d
504,w,i,d,t,h
505,b,u,r,s,t
506,r,o,u,t,e
507,l,u,n,g,s
508,u,n,c,l,e
509,b,e,a,r,s
510,r,o,y,a,l
511,k,i,n,g,s
512,f,o,r,t,y
513,t,r,i,a,l
514,c,a,r,d,s
515,b,r,a,s,s
516,o,p,e,r,a
517,c,h,o,s,e
518,o,w,n,e,r
519,v,a,p,o,r
520,b,e,a,t,s
521,m,o,u,s,e
522,t,o,u,g,h
523,w,i,r,e,s
524,m,e,t,e,r
525,t,o,w,e,r
526,f,i,n,d,s
527,i,n,n,e,r
528,s,t,u,c,k
529,a,r,r,o,w
530,p,o,e,m,s
531,l,a,b,e,l
532,s,w,i,n,g
533,s,o,l,a,r
534,t,r,u,l,y
535,t,e,n,s,e
536,b,e,a,n,s
537,s,p,l,i,t
538,r,i,s,e,s
539,w,e,i,g,h
540,h,o,t,e,l
541,s,t,e,m,s
542,p,r,i,d,e
543,s,w,u,n,g
544,g,r,a,d,e
545,d,i,g,i,t
546,b,a,d,l,y
547,b,o,o,t,s
548,p,i,l,o,t
549,s,a,l,e,s
550,s,w,e,p,t
551,l,u,c,k,y
552,p,r,i,z,e
553,s,t,o,v,e
554,t,u,b,e,s
555,a,c,r,e,s
556,w,o,u,n,d
557,s,t,e,e,p
558,s,l,i,d,e
559,t,r,u,n,k
560,e,r,r,o,r
561,p,o,r,c,h
562,s,l,a,v,e
563,e,x,i,s,t
564,f,a,c,e,d
565,m,i,n,e,s
566,m,a,r,r,y
567,j,u,i,c,e
568,r,a,c,e,d
569,w,a,v,e,d
570,g,o,o,s,e
571,t,r,u,s,t
572,f,e,w,e,r
573,f,a,v,o,r
574,m,i,l,l,s
575,v,i,e,w,s
576,j,o,i,n,t
577,e,a,g,e,r
578,s,p,o,t,s
579,b,l,e,n,d
580,r,i,n,g,s
581,a,d,u,l,t
582,i,n,d,e,x
583,n,a,i,l,s
584,h,o,r,n,s
585,b,a,l,l,s
586,f,l,a,m,e
587,r,a,t,e,s
588,d,r,i,l,l
589,t,r,a,c,e
590,s,k,i,n,s
591,w,a,x,e,d
592,s,e,a,t,s
593,s,t,u,f,f
594,r,a,t,i,o
595,m,i,n,d,s
596,d,i,r,t,y
597,s,i,l,l,y
598,c,o,i,n,s
599,h,e,l,l,o
600,t,r,i,p,s
601,l,e,a,d,s
602,r,i,f,l,e
603,h,o,p,e,s
604,b,a,s,e,s
605,s,h,i,n,e
606,b,e,n,c,h
607,m,o,r,a,l
608,f,i,r,e,s
609,m,e,a,l,s
610,s,h,a,k,e
611,s,h,o,p,s
612,c,y,c,l,e
613,m,o,v,i,e
614,s,l,o,p,e
615,c,a,n,o,e
616,t,e,a,m,s
617,f,o,l,k,s
618,f,i,r,e,d
619,b,a,n,d,s
620,t,h,u,m,b
621,s,h,o,u,t
622,c,a,n,a,l
623,h,a,b,i,t
624,r,e,p,l,y
625,r,u,l,e,d
626,f,e,v,e,r
627,c,r,u,s,t
628,s,h,e,l,f
629,w,a,l,k,s
630,m,i,d,s,t
631,c,r,a,c,k
632,p,r,i,n,t
633,t,a,l,e,s
634,c,o,a,c,h
635,s,t,i,f,f
636,f,l,o,o,d
637,v,e,r,s,e
638,a,w,a,k,e
639,r,o,c,k,y
640,m,a,r,c,h
641,f,a,u,l,t
642,s,w,i,f,t
643,f,a,i,n,t
644,c,i,v,i,l
645,g,h,o,s,t
646,f,e,a,s,t
647,b,l,a,d,e
648,l,i,m,i,t
649,g,e,r,m,s
650,r,e,a,d,s
651,d,u,c,k,s
652,d,a,i,r,y
653,w,o,r,s,t
654,g,i,f,t,s
655,l,i,s,t,s
656,s,t,o,p,s
657,r,a,p,i,d
658,b,r,i,c,k
659,c,l,a,w,s
660,b,e,a,d,s
661,b,e,a,s,t
662,s,k,i,r,t
663,c,a,k,e,s
664,l,i,o,n,s
665,f,r,o,g,s
666,t,r,i,e,s
667,n,e,r,v,e
668,g,r,a,n,d
669,a,r,m,e,d
670,t,r,e,a,t
671,h,o,n,e,y
672,m,o,i,s,t
673,l,e,g,a,l
674,p,e,n,n,y
675,c,r,o,w,n
676,s,h,o,c,k
677,t,a,x,e,s
678,s,i,x,t,y
679,a,l,t,a,r
680,p,u,l,l,s
681,s,p,o,r,t
682,d,r,u,m,s
683,t,a,l,k,s
684,d,y,i,n,g
685,d,a,t,e,s
686,d,r,a,n,k
687,b,l,o,w,s
688,l,e,v,e,r
689,w,a,g,e,s
690,p,r,o,o,f
691,d,r,u,g,s
692,t,a,n,k,s
693,s,i,n,g,s
694,t,a,i,l,s
695,p,a,u,s,e
696,h,e,r,d,s
697,a,r,o,s,e
698,h,a,t,e,d
699,c,l,u,e,s
700,n,o,v,e,l
701,s,h,a,m,e
702,b,u,r,n,t
703,r,a,c,e,s
704,f,l,a,s,h
705,w,e,a,r,y
706,h,e,e,l,s
707,t,o,k,e,n
708,c,o,a,t,s
709,s,p,a,r,e
710,s,h,i,n,y
711,a,l,a,r,m
712,d,i,m,e,s
713,s,i,x,t,h
714,c,l,e,r,k
715,m,e,r,c,y
716,s,u,n,n,y
717,g,u,e,s,t
718,f,l,o,a,t
719,s,h,o,n,e
720,p,i,p,e,s
721,w,o,r,m,s
722,b,i,l,l,s
723,s,w,e,a,t
724,s,u,i,t,s
725,s,m,a,r,t
726,u,p,s,e,t
727,r,a,i,n,s
728,s,a,n,d,y
729,r,a,i,n,y
730,p,a,r,k,s
731,s,a,d,l,y
732,f,a,n,c,y
733,r,i,d,e,r
734,u,n,i,t,y
735,b,u,n,c,h
736,r,o,l,l,s
737,c,r,a,s,h
738,c,r,a,f,t
739,n,e,w,l,y
740,g,a,t,e,s
741,h,a,t,c,h
742,p,a,t,h,s
743,f,u,n,d,s
744,w,i,d,e,r
745,g,r,a,c,e
746,g,r,a,v,e
747,t,i,d,e,s
748,a,d,m,i,t
749,s,h,i,f,t
750,s,a,i,l,s
751,p,u,p,i,l
752,t,i,g,e,r
753,a,n,g,e,l
754,c,r,u,e,l
755,a,g,e,n,t
756,d,r,a,m,a
757,u,r,g,e,d
758,p,a,t,c,h
759,n,e,s,t,s
760,v,i,t,a,l
761,s,w,o,r,d
762,b,l,a,m,e
763,w,e,e,d,s
764,s,c,r,e,w
765,v,o,c,a,l
766,b,a,c,o,n
767,c,h,a,l,k
768,c,a,r,g,o
769,c,r,a,z,y
770,a,c,t,e,d
771,g,o,a,t,s
772,a,r,i,s,e
773,w,i,t,c,h
774,l,o,v,e,s
775,q,u,e,e,r
776,d,w,e,l,l
777,b,a,c,k,s
778,r,o,p,e,s
779,s,h,o,t,s
780,m,e,r,r,y
781,p,h,o,n,e
782,c,h,e,e,k
783,p,e,a,k,s
784,i,d,e,a,l
785,b,e,a,r,d
786,e,a,g,l,e
787,c,r,e,e,k
788,c,r,i,e,s
789,a,s,h,e,s
790,s,t,a,l,l
791,y,i,e,l,d
792,m,a,y,o,r
793,o,p,e,n,s
794,i,n,p,u,t
795,f,l,e,e,t
796,t,o,o,t,h
797,c,u,b,i,c
798,w,i,v,e,s
799,b,u,r,n,s
800,p,o,e,t,s
801,a,p,r,o,n
802,s,p,e,a,r
803,o,r,g,a,n
804,c,l,i,f,f
805,s,t,a,m,p
806,p,a,s,t,e
807,r,u,r,a,l
808,b,a,k,e,d
809,c,h,a,s,e
810,s,l,i,c,e
811,s,l,a,n,t
812,k,n,o,c,k
813,n,o,i,s,y
814,s,o,r,t,s
815,s,t,a,y,s
816,w,i,p,e,d
817,b,l,o,w,n
818,p,i,l,e,d
819,c,l,u,b,s
820,c,h,e,e,r
821,w,i,d,o,w
822,t,w,i,s,t
823,t,e,n,t,h
824,h,i,d,e,s
825,c,o,m,m,a
826,s,w,e,e,p
827,s,p,o,o,n
828,s,t,e,r,n
829,c,r,e,p,t
830,m,a,p,l,e
831,d,e,e,d,s
832,r,i,d,e,s
833,m,u,d,d,y
834,c,r,i,m,e
835,j,e,l,l,y
836,r,i,d,g,e
837,d,r,i,f,t
838,d,u,s,t,y
839,d,e,v,i,l
840,t,e,m,p,o
841,h,u,m,o,r
842,s,e,n,d,s
843,s,t,e,a,l
844,t,e,n,t,s
845,w,a,i,s,t
846,r,o,s,e,s
847,r,e,i,g,n
848,n,o,b,l,e
849,c,h,e,a,p
850,d,e,n,s,e
851,l,i,n,e,n
852,g,e,e,s,e
853,w,o,v,e,n
854,p,o,s,t,s
855,h,i,r,e,d
856,w,r,a,t,h
857,s,a,l,a,d
858,b,o,w,e,d
859,t,i,r,e,s
860,s,h,a,r,k
861,b,e,l,t,s
862,g,r,a,s,p
863,b,l,a,s,t
864,p,o,l,a,r
865,f,u,n,g,i
866,t,e,n,d,s
867,p,e,a,r,l
868,l,o,a,d,s
869,j,o,k,e,s
870,v,e,i,n,s
871,f,r,o,s,t
872,h,e,a,r,s
873,l,o,s,e,s
874,h,o,s,t,s
875,d,i,v,e,r
876,p,h,a,s,e
877,t,o,a,d,s
878,a,l,e,r,t
879,t,a,s,k,s
880,s,e,a,m,s
881,c,o,r,a,l
882,f,o,c,u,s
883,n,a,k,e,d
884,p,u,p,p,y
885,j,u,m,p,s
886,s,p,o,i,l
887,q,u,a,r,t
888,m,a,c,r,o
889,f,e,a,r,s
890,f,l,u,n,g
891,s,p,a,r,k
892,v,i,v,i,d
893,b,r,o,o,k
894,s,t,e,e,r
895,s,p,r,a,y
896,d,e,c,a,y
897,p,o,r,t,s
898,s,o,c,k,s
899,u,r,b,a,n
900,g,o,a,l,s
901,g,r,a,n,t
902,m,i,n,u,s
903,f,i,l,m,s
904,t,u,n,e,s
905,s,h,a,f,t
906,f,i,r,m,s
907,s,k,i,e,s
908,b,r,i,d,e
909,w,r,e,c,k
910,f,l,o,c,k
911,s,t,a,r,e
912,h,o,b,b,y
913,b,o,n,d,s
914,d,a,r,e,d
915,f,a,d,e,d
916,t,h,i,e,f
917,c,r,u,d,e
918,p,a,n,t,s
919,f,l,u,t,e
920,v,o,t,e,s
921,t,o,n,a,l
922,r,a,d,a,r
923,w,e,l,l,s
924,s,k,u,l,l
925,h,a,i,r,s
926,a,r,g,u,e
927,w,e,a,r,s
928,d,o,l,l,s
929,v,o,t,e,d
930,c,a,v,e,s
931,c,a,r,e,d
932,b,r,o,o,m
933,s,c,e,n,t
934,p,a,n,e,l
935,f,a,i,r,y
936,o,l,i,v,e
937,b,e,n,d,s
938,p,r,i,s,m
939,l,a,m,p,s
940,c,a,b,l,e
941,p,e,a,c,h
942,r,u,i,n,s
943,r,a,l,l,y
944,s,c,h,w,a
945,l,a,m,b,s
946,s,e,l,l,s
947,c,o,o,l,s
948,d,r,a,f,t
949,c,h,a,r,m
950,l,i,m,b,s
951,b,r,a,k,e
952,g,a,z,e,d
953,c,u,b,e,s
954,d,e,l,a,y
955,b,e,a,m,s
956,f,e,t,c,h
957,r,a,n,k,s
958,a,r,r,a,y
959,h,a,r,s,h
960,c,a,m,e,l
961,v,i,n,e,s
962,p,i,c,k,s
963,n,a,v,a,l
964,p,u,r,s,e
965,r,i,g,i,d
966,c,r,a,w,l
967,t,o,a,s,t
968,s,o,i,l,s
969,s,a,u,c,e
970,b,a,s,i,n
971,p,o,n,d,s
972,t,w,i,n,s
973,w,r,i,s,t
974,f,l,u,i,d
975,p,o,o,l,s
976,b,r,a,n,d
977,s,t,a,l,k
978,r,o,b,o,t
979,r,e,e,d,s
980,h,o,o,f,s
981,b,u,s,e,s
982,s,h,e,e,r
983,g,r,i,e,f
984,b,l,o,o,m
985,d,w,e,l,t
986,m,e,l,t,s
987,r,i,s,e,n
988,f,l,a,g,s
989,k,n,e,l,t
990,f,i,b,e,r
991,r,o,o,f,s
992,f,r,e,e,d
993,a,r,m,o,r
994,p,i,l,e,s
995,a,i,m,e,d
996,a,l,g,a,e
997,t,w,i,g,s
998,l,e,m,o,n
999,d,i,t,c,h
1000,d,r,u,n,k
1001,r,e,s,t,s
1002,c,h,i,l,l
1003,s,l,a,i,n
1004,p,a,n,i,c
1005,c,o,r,d,s
1006,t,u,n,e,d
1007,c,r,i,s,p
1008,l,e,d,g,e
1009,d,i,v,e,d
1010,s,w,a,m,p
1011,c,l,u,n,g
1012,s,t,o,l,e
1013,m,o,l,d,s
1014,y,a,r,n,s
1015,l,i,v,e,r
1016,g,a,u,g,e
1017,b,r,e,e,d
1018,s,t,o,o,l
1019,g,u,l,l,s
1020,a,w,o,k,e
1021,g,r,o,s,s
1022,d,i,a,r,y
1023,r,a,i,l,s
1024,b,e,l,l,y
1025,t,r,e,n,d
1026,f,l,a,s,k
1027,s,t,a,k,e
1028,f,r,i,e,d
1029,d,r,a,w,s
1030,a,c,t,o,r
1031,h,a,n,d,y
1032,b,o,w,l,s
1033,h,a,s,t,e
1034,s,c,o,p,e
1035,d,e,a,l,s
1036,k,n,o,t,s
1037,m,o,o,n,s
1038,e,s,s,a,y
1039,t,h,u,m,p
1040,h,a,n,g,s
1041,b,l,i,s,s
1042,d,e,a,l,t
1043,g,a,i,n,s
1044,b,o,m,b,s
1045,c,l,o,w,n
1046,p,a,l,m,s
1047,c,o,n,e,s
1048,r,o,a,s,t
1049,t,i,d,a,l
1050,b,o,r,e,d
1051,c,h,a,n,t
1052,a,c,i,d,s
1053,d,o,u,g,h
1054,c,a,m,p,s
1055,s,w,o,r,e
1056,l,o,v,e,r
1057,h,o,o,k,s
1058,m,a,l,e,s
1059,c,o,c,o,a
1060,p,u,n,c,h
1061,a,w,a,r,d
1062,r,e,i,n,s
1063,n,i,n,t,h
1064,n,o,s,e,s
1065,l,i,n,k,s
1066,d,r,a,i,n
1067,f,i,l,l,s
1068,n,y,l,o,n
1069,l,u,n,a,r
1070,p,u,l,s,e
1071,f,l,o,w,n
1072,e,l,b,o,w
1073,f,a,t,a,l
1074,s,i,t,e,s
1075,m,o,t,h,s
1076,m,e,a,t,s
1077,f,o,x,e,s
1078,m,i,n,e,d
1079,a,t,t,i,c
1080,f,i,e,r,y
1081,m,o,u,n,t
1082,u,s,a,g,e
1083,s,w,e,a,r
1084,s,n,o,w,y
1085,r,u,s,t,y
1086,s,c,a,r,e
1087,t,r,a,p,s
1088,r,e,l,a,x
1089,r,e,a,c,t
1090,v,a,l,i,d
1091,r,o,b,i,n
1092,c,e,a,s,e
1093,g,i,l,l,s
1094,p,r,i,o,r
1095,s,a,f,e,r
1096,p,o,l,i,o
1097,l,o,y,a,l
1098,s,w,e,l,l
1099,s,a,l,t,y
1100,m,a,r,s,h
1101,v,a,g,u,e
1102,w,e,a,v,e
1103,m,o,u,n,d
1104,s,e,a,l,s
1105,m,u,l,e,s
1106,v,i,r,u,s
1107,s,c,o,u,t
1108,a,c,u,t,e
1109,w,i,n,d,y
1110,s,t,o,u,t
1111,f,o,l,d,s
1112,s,e,i,z,e
1113,h,i,l,l,y
1114,j,o,i,n,s
1115,p,l,u,c,k
1116,s,t,a,c,k
1117,l,o,r,d,s
1118,d,u,n,e,s
1119,b,u,r,r,o
1120,h,a,w,k,s
1121,t,r,o,u,t
1122,f,e,e,d,s
1123,s,c,a,r,f
1124,h,a,l,l,s
1125,c,o,a,l,s
1126,t,o,w,e,l
1127,s,o,u,l,s
1128,e,l,e,c,t
1129,b,u,g,g,y
1130,p,u,m,p,s
1131,l,o,a,n,s
1132,s,p,i,n,s
1133,f,i,l,e,s
1134,o,x,i,d,e
1135,p,a,i,n,s
1136,p,h,o,t,o
1137,r,i,v,a,l
1138,f,l,a,t,s
1139,s,y,r,u,p
1140,r,o,d,e,o
1141,s,a,n,d,s
1142,m,o,o,s,e
1143,p,i,n,t,s
1144,c,u,r,l,y
1145,c,o,m,i,c
1146,c,l,o,a,k
1147,o,n,i,o,n
1148,c,l,a,m,s
1149,s,c,r,a,p
1150,d,i,d,s,t
1151,c,o,u,c,h
1152,c,o,d,e,s
1153,f,a,i,l,s
1154,o,u,n,c,e
1155,l,o,d,g,e
1156,g,r,e,e,t
1157,g,y,p,s,y
1158,u,t,t,e,r
1159,p,a,v,e,d
1160,z,o,n,e,s
1161,f,o,u,r,s
1162,a,l,l,e,y
1163,t,i,l,e,s
1164,b,l,e,s,s
1165,c,r,e,s,t
1166,e,l,d,e,r
1167,k,i,l,l,s
1168,y,e,a,s,t
1169,e,r,e,c,t
1170,b,u,g,l,e
1171,m,e,d,a,l
1172,r,o,l,e,s
1173,h,o,u,n,d
1174,s,n,a,i,l
1175,a,l,t,e,r
1176,a,n,k,l,e
1177,r,e,l,a,y
1178,l,o,o,p,s
1179,z,e,r,o,s
1180,b,i,t,e,s
1181,m,o,d,e,s
1182,d,e,b,t,s
1183,r,e,a,l,m
1184,g,l,o,v,e
1185,r,a,y,o,n
1186,s,w,i,m,s
1187,p,o,k,e,d
1188,s,t,r,a,y
1189,l,i,f,t,s
1190,m,a,k,e,r
1191,l,u,m,p,s
1192,g,r,a,z,e
1193,d,r,e,a,d
1194,b,a,r,n,s
1195,d,o,c,k,s
1196,m,a,s,t,s
1197,p,o,u,r,s
1198,w,h,a,r,f
1199,c,u,r,s,e
1200,p,l,u,m,p
1201,r,o,b,e,s
1202,s,e,e,k,s
1203,c,e,d,a,r
1204,c,u,r,l,s
1205,j,o,l,l,y
1206,m,y,t,h,s
1207,c,a,g,e,s
1208,g,l,o,o,m
1209,l,o,c,k,s
1210,p,e,d,a,l
1211,b,e,e,t,s
1212,c,r,o,w,s
1213,a,n,o,d,e
1214,s,l,a,s,h
1215,c,r,e,e,p
1216,r,o,w,e,d
1217,c,h,i,p,s
1218,f,i,s,t,s
1219,w,i,n,e,s
1220,c,a,r,e,s
1221,v,a,l,v,e
1222,n,e,w,e,r
1223,m,o,t,e,l
1224,i,v,o,r,y
1225,n,e,c,k,s
1226,c,l,a,m,p
1227,b,a,r,g,e
1228,b,l,u,e,s
1229,a,l,i,e,n
1230,f,r,o,w,n
1231,s,t,r,a,p
1232,c,r,e,w,s
1233,s,h,a,c,k
1234,g,o,n,n,a
1235,s,a,v,e,s
1236,s,t,u,m,p
1237,f,e,r,r,y
1238,i,d,o,l,s
1239,c,o,o,k,s
1240,j,u,i,c,y
1241,g,l,a,r,e
1242,c,a,r,t,s
1243,a,l,l,o,y
1244,b,u,l,b,s
1245,l,a,w,n,s
1246,l,a,s,t,s
1247,f,u,e,l,s
1248,o,d,d,l,y
1249,c,r,a,n,e
1250,f,i,l,e,d
1251,w,e,i,r,d
1252,s,h,a,w,l
1253,s,l,i,p,s
1254,t,r,o,o,p
1255,b,o,l,t,s
1256,s,u,i,t,e
1257,s,l,e,e,k
1258,q,u,i,l,t
1259,t,r,a,m,p
1260,b,l,a,z,e
1261,a,t,l,a,s
1262,o,d,o,r,s
1263,s,c,r,u,b
1264,c,r,a,b,s
1265,p,r,o,b,e
1266,l,o,g,i,c
1267,a,d,o,b,e
1268,e,x,i,l,e
1269,r,e,b,e,l
1270,g,r,i,n,d
1271,s,t,i,n,g
1272,s,p,i,n,e
1273,c,l,i,n,g
1274,d,e,s,k,s
1275,g,r,o,v,e
1276,l,e,a,p,s
1277,p,r,o,s,e
1278,l,o,f,t,y
1279,a,g,o,n,y
1280,s,n,a,r,e
1281,t,u,s,k,s
1282,b,u,l,l,s
1283,m,o,o,d,s
1284,h,u,m,i,d
1285,f,i,n,e,r
1286,d,i,m,l,y
1287,p,l,a,n,k
1288,c,h,i,n,a
1289,p,i,n,e,s
1290,g,u,i,l,t
1291,s,a,c,k,s
1292,b,r,a,c,e
1293,q,u,o,t,e
1294,l,a,t,h,e
1295,g,a,i,l,y
1296,f,o,n,t,s
1297,s,c,a,l,p
1298,a,d,o,p,t
1299,f,o,g,g,y
1300,f,e,r,n,s
1301,g,r,a,m,s
1302,c,l,u,m,p
1303,p,e,r,c,h
1304,t,u,m,o,r
1305,t,e,e,n,s
1306,c,r,a,n,k
1307,f,a,b,l,e
1308,h,e,d,g,e
1309,g,e,n,e,s
1310,s,o,b,e,r
1311,b,o,a,s,t
1312,t,r,a,c,t
1313,c,i,g,a,r
1314,u,n,i,t,e
1315,o,w,i,n,g
1316,t,h,i,g,h
1317,h,a,i,k,u
1318,s,w,i,s,h
1319,d,i,k,e,s
1320,w,e,d,g,e
1321,b,o,o,t,h
1322,e,a,s,e,d
1323,f,r,a,i,l
1324,c,o,u,g,h
1325,t,o,m,b,s
1326,d,a,r,t,s
1327,f,o,r,t,s
1328,c,h,o,i,r
1329,p,o,u,c,h
1330,p,i,n,c,h
1331,h,a,i,r,y
1332,b,u,y,e,r
1333,t,o,r,c,h
1334,v,i,g,o,r
1335,w,a,l,t,z
1336,h,e,a,t,s
1337,h,e,r,b,s
1338,u,s,e,r,s
1339,f,l,i,n,t
1340,c,l,i,c,k
1341,m,a,d,a,m
1342,b,l,e,a,k
1343,b,l,u,n,t
1344,a,i,d,e,d
1345,l,a,c,k,s
1346,m,a,s,k,s
1347,w,a,d,e,d
1348,r,i,s,k,s
1349,n,u,r,s,e
1350,c,h,a,o,s
1351,s,e,w,e,d
1352,c,u,r,e,d
1353,a,m,p,l,e
1354,l,e,a,s,e
1355,s,t,e,a,k
1356,s,i,n,k,s
1357,m,e,r,i,t
1358,b,l,u,f,f
1359,b,a,t,h,e
1360,g,l,e,a,m
1361,b,o,n,u,s
1362,c,o,l,t,s
1363,s,h,e,a,r
1364,g,l,a,n,d
1365,s,i,l,k,y
1366,s,k,a,t,e
1367,b,i,r,c,h
1368,a,n,v,i,l
1369,s,l,e,d,s
1370,g,r,o,a,n
1371,m,a,i,d,s
1372,m,e,e,t,s
1373,s,p,e,c,k
1374,h,y,m,n,s
1375,h,i,n,t,s
1376,d,r,o,w,n
1377,b,o,s,o,m
1378,s,l,i,c,k
1379,q,u,e,s,t
1380,c,o,i,l,s
1381,s,p,i,e,d
1382,s,n,o,w,s
1383,s,t,e,a,d
1384,s,n,a,c,k
1385,p,l,o,w,s
1386,b,l,o,n,d
1387,t,a,m,e,d
1388,t,h,o,r,n
1389,w,a,i,t,s
1390,g,l,u,e,d
1391,b,a,n,j,o
1392,t,e,a,s,e
1393,a,r,e,n,a
1394,b,u,l,k,y
1395,c,a,r,v,e
1396,s,t,u,n,t
1397,w,a,r,m,s
1398,s,h,a,d,y
1399,r,a,z,o,r
1400,f,o,l,l,y
1401,l,e,a,f,y
1402,n,o,t,c,h
1403,f,o,o,l,s
1404,o,t,t,e,r
1405,p,e,a,r,s
1406,f,l,u,s,h
1407,g,e,n,u,s
1408,a,c,h,e,d
1409,f,i,v,e,s
1410,f,l,a,p,s
1411,s,p,o,u,t
1412,s,m,o,t,e
1413,f,u,m,e,s
1414,a,d,a,p,t
1415,c,u,f,f,s
1416,t,a,s,t,y
1417,s,t,o,o,p
1418,c,l,i,p,s
1419,d,i,s,k,s
1420,s,n,i,f,f
1421,l,a,n,e,s
1422,b,r,i,s,k
1423,i,m,p,l,y
1424,d,e,m,o,n
1425,s,u,p,e,r
1426,f,u,r,r,y
1427,r,a,g,e,d
1428,g,r,o,w,l
1429,t,e,x,t,s
1430,h,a,r,d,y
1431,s,t,u,n,g
1432,t,y,p,e,d
1433,h,a,t,e,s
1434,w,i,s,e,r
1435,t,i,m,i,d
1436,s,e,r,u,m
1437,b,e,a,k,s
1438,r,o,t,o,r
1439,c,a,s,t,s
1440,b,a,t,h,s
1441,g,l,i,d,e
1442,p,l,o,t,s
1443,t,r,a,i,t
1444,r,e,s,i,n
1445,s,l,u,m,s
1446,l,y,r,i,c
1447,p,u,f,f,s
1448,d,e,c,k,s
1449,b,r,o,o,d
1450,m,o,u,r,n
1451,a,l,o,f,t
1452,a,b,u,s,e
1453,w,h,i,r,l
1454,e,d,g,e,d
1455,o,v,a,r,y
1456,q,u,a,c,k
1457,h,e,a,p,s
1458,s,l,a,n,g
1459,a,w,a,i,t
1460,c,i,v,i,c
1461,s,a,i,n,t
1462,b,e,v,e,l
1463,s,o,n,a,r
1464,a,u,n,t,s
1465,p,a,c,k,s
1466,f,r,o,z,e
1467,t,o,n,i,c
1468,c,o,r,p,s
1469,s,w,a,r,m
1470,f,r,a,n,k
1471,r,e,p,a,y
1472,g,a,u,n,t
1473,w,i,r,e,d
1474,n,i,e,c,e
1475,c,e,l,l,o
1476,n,e,e,d,y
1477,c,h,u,c,k
1478,s,t,o,n,y
1479,m,e,d,i,a
1480,s,u,r,g,e
1481,h,u,r,t,s
1482,r,e,p,e,l
1483,h,u,s,k,y
1484,d,a,t,e,d
1485,h,u,n,t,s
1486,m,i,s,t,s
1487,e,x,e,r,t
1488,d,r,i,e,s
1489,m,a,t,e,s
1490,s,w,o,r,n
1491,b,a,k,e,r
1492,s,p,i,c,e
1493,o,a,s,i,s
1494,b,o,i,l,s
1495,s,p,u,r,s
1496,d,o,v,e,s
1497,s,n,e,a,k
1498,p,a,c,e,s
1499,c,o,l,o,n
1500,s,i,e,g,e
1501,s,t,r,u,m
1502,d,r,i,e,r
1503,c,a,c,a,o
1504,h,u,m,u,s
1505,b,a,l,e,s
1506,p,i,p,e,d
1507,n,a,s,t,y
1508,r,i,n,s,e
1509,b,o,x,e,r
1510,s,h,r,u,b
1511,a,m,u,s,e
1512,t,a,c,k,s
1513,c,i,t,e,d
1514,s,l,u,n,g
1515,d,e,l,t,a
1516,l,a,d,e,n
1517,l,a,r,v,a
1518,r,e,n,t,s
1519,y,e,l,l,s
1520,s,p,o,o,l
1521,s,p,i,l,l
1522,c,r,u,s,h
1523,j,e,w,e,l
1524,s,n,a,p,s
1525,s,t,a,i,n
1526,k,i,c,k,s
1527,t,y,i,n,g
1528,s,l,i,t,s
1529,r,a,t,e,d
1530,e,e,r,i,e
1531,s,m,a,s,h
1532,p,l,u,m,s
1533,z,e,b,r,a
1534,e,a,r,n,s
1535,b,u,s,h,y
1536,s,c,a,r,y
1537,s,q,u,a,d
1538,t,u,t,o,r
1539,s,i,l,k,s
1540,s,l,a,b,s
1541,b,u,m,p,s
1542,e,v,i,l,s
1543,f,a,n,g,s
1544,s,n,o,u,t
1545,p,e,r,i,l
1546,p,i,v,o,t
1547,y,a,c,h,t
1548,l,o,b,b,y
1549,j,e,a,n,s
1550,g,r,i,n,s
1551,v,i,o,l,a
1552,l,i,n,e,r
1553,c,o,m,e,t
1554,s,c,a,r,s
1555,c,h,o,p,s
1556,r,a,i,d,s
1557,e,a,t,e,r
1558,s,l,a,t,e
1559,s,k,i,p,s
1560,s,o,l,e,s
1561,m,i,s,t,y
1562,u,r,i,n,e
1563,k,n,o,b,s
1564,s,l,e,e,t
1565,h,o,l,l,y
1566,p,e,s,t,s
1567,f,o,r,k,s
1568,g,r,i,l,l
1569,t,r,a,y,s
1570,p,a,i,l,s
1571,b,o,r,n,e
1572,t,e,n,o,r
1573,w,a,r,e,s
1574,c,a,r,o,l
1575,w,o,o,d,y
1576,c,a,n,o,n
1577,w,a,k,e,s
1578,k,i,t,t,y
1579,m,i,n,e,r
1580,p,o,l,l,s
1581,s,h,a,k,y
1582,n,a,s,a,l
1583,s,c,o,r,n
1584,c,h,e,s,s
1585,t,a,x,i,s
1586,c,r,a,t,e
1587,s,h,y,l,y
1588,t,u,l,i,p
1589,f,o,r,g,e
1590,n,y,m,p,h
1591,b,u,d,g,e
1592,l,o,w,l,y
1593,a,b,i,d,e
1594,d,e,p,o,t
1595,o,a,s,e,s
1596,a,s,s,e,s
1597,s,h,e,d,s
1598,f,u,d,g,e
1599,p,i,l,l,s
1600,r,i,v,e,t
1601,t,h,i,n,e
1602,g,r,o,o,m
1603,l,a,n,k,y
1604,b,o,o,s,t
1605,b,r,o,t,h
1606,h,e,a,v,e
1607,g,r,a,v,y
1608,b,e,e,c,h
1609,t,i,m,e,d
1610,q,u,a,i,l
1611,i,n,e,r,t
1612,g,e,a,r,s
1613,c,h,i,c,k
1614,h,i,n,g,e
1615,t,r,a,s,h
1616,c,l,a,s,h
1617,s,i,g,h,s
1618,r,e,n,e,w
1619,b,o,u,g,h
1620,d,w,a,r,f
1621,s,l,o,w,s
1622,q,u,i,l,l
1623,s,h,a,v,e
1624,s,p,o,r,e
1625,s,i,x,e,s
1626,c,h,u,n,k
1627,m,a,d,l,y
1628,p,a,c,e,d
1629,b,r,a,i,d
1630,f,u,z,z,y
1631,m,o,t,t,o
1632,s,p,i,e,s
1633,s,l,a,c,k
1634,m,u,c,u,s
1635,m,a,g,m,a
1636,a,w,f,u,l
1637,d,i,s,c,s
1638,e,r,a,s,e
1639,p,o,s,e,d
1640,a,s,s,e,t
1641,c,i,d,e,r
1642,t,a,p,e,r
1643,t,h,e,f,t
1644,c,h,u,r,n
1645,s,a,t,i,n
1646,s,l,o,t,s
1647,t,a,x,e,d
1648,b,u,l,l,y
1649,s,l,o,t,h
1650,s,h,a,l,e
1651,t,r,e,a,d
1652,r,a,k,e,d
1653,c,u,r,d,s
1654,m,a,n,o,r
1655,a,i,s,l,e
1656,b,u,l,g,e
1657,l,o,i,n,s
1658,s,t,a,i,r
1659,t,a,p,e,s
1660,l,e,a,n,s
1661,b,u,n,k,s
1662,s,q,u,a,t
1663,t,o,w,e,d
1664,l,a,n,c,e
1665,p,a,n,e,s
1666,s,a,k,e,s
1667,h,e,i,r,s
1668,c,a,s,t,e
1669,d,u,m,m,y
1670,p,o,r,e,s
1671,f,a,u,n,a
1672,c,r,o,o,k
1673,p,o,i,s,e
1674,e,p,o,c,h
1675,r,i,s,k,y
1676,w,a,r,n,s
1677,f,l,i,n,g
1678,b,e,r,r,y
1679,g,r,a,p,e
1680,f,l,a,n,k
1681,d,r,a,g,s
1682,s,q,u,i,d
1683,p,e,l,t,s
1684,i,c,i,n,g
1685,i,r,o,n,y
1686,i,r,o,n,s
1687,b,a,r,k,s
1688,w,h,o,o,p
1689,c,h,o,k,e
1690,d,i,e,t,s
1691,w,h,i,p,s
1692,t,a,l,l,y
1693,d,o,z,e,d
1694,t,w,i,n,e
1695,k,i,t,e,s
1696,b,i,k,e,s
1697,t,i,c,k,s
1698,r,i,o,t,s
1699,r,o,a,r,s
1700,v,a,u,l,t
1701,l,o,o,m,s
1702,s,c,o,l,d
1703,b,l,i,n,k
1704,d,a,n,d,y
1705,p,u,p,a,e
1706,s,i,e,v,e
1707,s,p,i,k,e
1708,d,u,c,t,s
1709,l,e,n,d,s
1710,p,i,z,z,a
1711,b,r,i,n,k
1712,w,i,d,e,n
1713,p,l,u,m,b
1714,p,a,g,a,n
1715,f,e,a,t,s
1716,b,i,s,o,n
1717,s,o,g,g,y
1718,s,c,o,o,p
1719,a,r,g,o,n
1720,n,u,d,g,e
1721,s,k,i,f,f
1722,a,m,b,e,r
1723,s,e,x,e,s
1724,r,o,u,s,e
1725,s,a,l,t,s
1726,h,i,t,c,h
1727,e,x,a,l,t
1728,l,e,a,s,h
1729,d,i,n,e,d
1730,c,h,u,t,e
1731,s,n,o,r,t
1732,g,u,s,t,s
1733,m,e,l,o,n
1734,c,h,e,a,t
1735,r,e,e,f,s
1736,l,l,a,m,a
1737,l,a,s,s,o
1738,d,e,b,u,t
1739,q,u,o,t,a
1740,o,a,t,h,s
1741,p,r,o,n,e
1742,m,i,x,e,s
1743,r,a,f,t,s
1744,d,i,v,e,s
1745,s,t,a,l,e
1746,i,n,l,e,t
1747,f,l,i,c,k
1748,p,i,n,t,o
1749,b,r,o,w,s
1750,u,n,t,i,e
1751,b,a,t,c,h
1752,g,r,e,e,d
1753,c,h,o,r,e
1754,s,t,i,r,s
1755,b,l,u,s,h
1756,o,n,s,e,t
1757,b,a,r,b,s
1758,v,o,l,t,s
1759,b,e,i,g,e
1760,s,w,o,o,p
1761,p,a,d,d,y
1762,l,a,c,e,d
1763,s,h,o,v,e
1764,j,e,r,k,y
1765,p,o,p,p,y
1766,l,e,a,k,s
1767,f,a,r,e,s
1768,d,o,d,g,e
1769,g,o,d,l,y
1770,s,q,u,a,w
1771,a,f,f,i,x
1772,b,r,u,t,e
1773,n,i,c,e,r
1774,u,n,d,u,e
1775,s,n,a,r,l
1776,m,e,r,g,e
1777,d,o,s,e,s
1778,s,h,o,w,y
1779,d,a,d,d,y
1780,r,o,o,s,t
1781,v,a,s,e,s
1782,s,w,i,r,l
1783,p,e,t,t,y
1784,c,o,l,d,s
1785,c,u,r,r,y
1786,c,o,b,r,a
1787,g,e,n,i,e
1788,f,l,a,r,e
1789,m,e,s,s,y
1790,c,o,r,e,s
1791,s,o,a,k,s
1792,r,i,p,e,n
1793,w,h,i,n,e
1794,a,m,i,n,o
1795,p,l,a,i,d
1796,s,p,i,n,y
1797,m,o,w,e,d
1798,b,a,t,o,n
1799,p,e,e,r,s
1800,v,o,w,e,d
1801,p,i,o,u,s
1802,s,w,a,n,s
1803,e,x,i,t,s
1804,a,f,o,o,t
1805,p,l,u,g,s
1806,i,d,i,o,m
1807,c,h,i,l,i
1808,r,i,t,e,s
1809,s,e,r,f,s
1810,c,l,e,f,t
1811,b,e,r,t,h
1812,g,r,u,b,s
1813,a,n,n,e,x
1814,d,i,z,z,y
1815,h,a,s,t,y
1816,l,a,t,c,h
1817,w,a,s,p,s
1818,m,i,r,t,h
1819,b,a,r,o,n
1820,p,l,e,a,d
1821,a,l,o,o,f
1822,a,g,i,n,g
1823,p,i,x,e,l
1824,b,a,r,e,d
1825,m,u,m,m,y
1826,h,o,t,l,y
1827,a,u,g,e,r
1828,b,u,d,d,y
1829,c,h,a,p,s
1830,b,a,d,g,e
1831,s,t,a,r,k
1832,f,a,i,r,s
1833,g,u,l,l,y
1834,m,u,m,p,s
1835,e,m,e,r,y
1836,f,i,l,l,y
1837,o,v,e,n,s
1838,d,r,o,n,e
1839,g,a,u,z,e
1840,i,d,i,o,t
1841,f,u,s,s,y
1842,a,n,n,o,y
1843,s,h,a,n,k
1844,g,o,u,g,e
1845,b,l,e,e,d
1846,e,l,v,e,s
1847,r,o,p,e,d
1848,u,n,f,i,t
1849,b,a,g,g,y
1850,m,o,w,e,r
1851,s,c,a,n,t
1852,g,r,a,b,s
1853,f,l,e,a,s
1854,l,o,u,s,y
1855,a,l,b,u,m
1856,s,a,w,e,d
1857,c,o,o,k,y
1858,m,u,r,k,y
1859,i,n,f,e,r
1860,b,u,r,l,y
1861,w,a,g,e,d
1862,d,i,n,g,y
1863,b,r,i,n,e
1864,k,n,e,e,l
1865,c,r,e,a,k
1866,v,a,n,e,s
1867,s,m,o,k,y
1868,s,p,u,r,t
1869,c,o,m,b,s
1870,e,a,s,e,l
1871,l,a,c,e,s
1872,h,u,m,p,s
1873,r,u,m,o,r
1874,a,r,o,m,a
1875,h,o,r,d,e
1876,s,w,i,s,s
1877,l,e,a,p,t
1878,o,p,i,u,m
1879,s,l,i,m,e
1880,a,f,i,r,e
1881,p,a,n,s,y
1882,m,a,r,e,s
1883,s,o,a,p,s
1884,h,u,s,k,s
1885,s,n,i,p,s
1886,h,a,z,e,l
1887,l,i,n,e,d
1888,c,a,f,e,s
1889,n,a,i,v,e
1890,w,r,a,p,s
1891,s,i,z,e,d
1892,p,i,e,r,s
1893,b,e,s,e,t
1894,a,g,i,l,e
1895,t,o,n,g,s
1896,s,t,e,e,d
1897,f,r,a,u,d
1898,b,o,o,t,y
1899,v,a,l,o,r
1900,d,o,w,n,y
1901,w,i,t,t,y
1902,m,o,s,s,y
1903,p,s,a,l,m
1904,s,c,u,b,a
1905,t,o,u,r,s
1906,p,o,l,k,a
1907,m,i,l,k,y
1908,g,a,u,d,y
1909,s,h,r,u,g
1910,t,u,f,t,s
1911,w,i,l,d,s
1912,l,a,s,e,r
1913,t,r,u,s,s
1914,h,a,r,e,s
1915,c,r,e,e,d
1916,l,i,l,a,c
1917,s,i,r,e,n
1918,t,a,r,r,y
1919,b,r,i,b,e
1920,s,w,i,n,e
1921,m,u,t,e,d
1922,f,l,i,p,s
1923,c,u,r,e,s
1924,s,i,n,e,w
1925,b,o,x,e,d
1926,h,o,o,p,s
1927,g,a,s,p,s
1928,h,o,o,d,s
1929,n,i,c,h,e
1930,y,u,c,c,a
1931,g,l,o,w,s
1932,s,e,w,e,r
1933,w,h,a,c,k
1934,f,u,s,e,s
1935,g,o,w,n,s
1936,d,r,o,o,p
1937,b,u,c,k,s
1938,p,a,n,g,s
1939,m,a,i,l,s
1940,w,h,i,s,k
1941,h,a,v,e,n
1942,c,l,a,s,p
1943,s,l,i,n,g
1944,s,t,i,n,t
1945,u,r,g,e,s
1946,c,h,a,m,p
1947,p,i,e,t,y
1948,c,h,i,r,p
1949,p,l,e,a,t
1950,p,o,s,s,e
1951,s,u,n,u,p
1952,m,e,n,u,s
1953,h,o,w,l,s
1954,q,u,a,k,e
1955,k,n,a,c,k
1956,p,l,a,z,a
1957,f,i,e,n,d
1958,c,a,k,e,d
1959,b,a,n,g,s
1960,e,r,u,p,t
1961,p,o,k,e,r
1962,o,l,d,e,n
1963,c,r,a,m,p
1964,v,o,t,e,r
1965,p,o,s,e,s
1966,m,a,n,l,y
1967,s,l,u,m,p
1968,f,i,n,e,d
1969,g,r,i,p,s
1970,g,a,p,e,d
1971,p,u,r,g,e
1972,h,i,k,e,d
1973,m,a,i,z,e
1974,f,l,u,f,f
1975,s,t,r,u,t
1976,s,l,o,o,p
1977,p,r,o,w,l
1978,r,o,a,c,h
1979,c,o,c,k,s
1980,b,l,a,n,d
1981,d,i,a,l,s
1982,p,l,u,m,e
1983,s,l,a,p,s
1984,s,o,u,p,s
1985,d,u,l,l,y
1986,w,i,l,l,s
1987,f,o,a,m,s
1988,s,o,l,o,s
1989,s,k,i,e,r
1990,e,a,v,e,s
1991,t,o,t,e,m
1992,f,u,s,e,d
1993,l,a,t,e,x
1994,v,e,i,l,s
1995,m,u,s,e,d
1996,m,a,i,n,s
1997,m,y,r,r,h
1998,r,a,c,k,s
1999,g,a,l,l,s
2000,g,n,a,t,s
2001,b,o,u,t,s
2002,s,i,s,a,l
2003,s,h,u,t,s
2004,h,o,s,e,s
2005,d,r,y,l,y
2006,h,o,v,e,r
2007,g,l,o,s,s
2008,s,e,e,p,s
2009,d,e,n,i,m
2010,p,u,t,t,y
2011,g,u,p,p,y
2012,l,e,a,k,y
2013,d,u,s,k,y
2014,f,i,l,t,h
2015,o,b,o,e,s
2016,s,p,a,n,s
2017,f,o,w,l,s
2018,a,d,o,r,n
2019,g,l,a,z,e
2020,h,a,u,n,t
2021,d,a,r,e,s
2022,o,b,e,y,s
2023,b,a,k,e,s
2024,a,b,y,s,s
2025,s,m,e,l,t
2026,g,a,n,g,s
2027,a,c,h,e,s
2028,t,r,a,w,l
2029,c,l,a,p,s
2030,u,n,d,i,d
2031,s,p,i,c,y
2032,h,o,i,s,t
2033,f,a,d,e,s
2034,v,i,c,a,r
2035,a,c,o,r,n
2036,p,u,s,s,y
2037,g,r,u,f,f
2038,m,u,s,t,y
2039,t,a,r,t,s
2040,s,n,u,f,f
2041,h,u,n,c,h
2042,t,r,u,c,e
2043,t,w,e,e,d
2044,d,r,y,e,r
2045,l,o,s,e,r
2046,s,h,e,a,f
2047,m,o,l,e,s
2048,l,a,p,s,e
2049,t,a,w,n,y
2050,v,e,x,e,d
2051,a,u,t,o,s
2052,w,a,g,e,r
2053,d,o,m,e,s
2054,s,h,e,e,n
2055,c,l,a,n,g
2056,s,p,a,d,e
2057,s,o,w,e,d
2058,b,r,o,i,l
2059,s,l,y,l,y
2060,s,t,u,d,s
2061,g,r,u,n,t
2062,d,o,n,o,r
2063,s,l,u,g,s
2064,a,s,p,e,n
2065,h,o,m,e,r
2066,c,r,o,a,k
2067,t,i,t,h,e
2068,h,a,l,t,s
2069,a,v,e,r,t
2070,h,a,v,o,c
2071,h,o,g,a,n
2072,g,l,i,n,t
2073,r,u,d,d,y
2074,j,e,e,p,s
2075,f,l,a,k,y
2076,l,a,d,l,e
2077,t,a,u,n,t
2078,s,n,o,r,e
2079,f,i,n,e,s
2080,p,r,o,p,s
2081,p,r,u,n,e
2082,p,e,s,o,s
2083,r,a,d,i,i
2084,p,o,k,e,s
2085,t,i,l,e,d
2086,d,a,i,s,y
2087,h,e,r,o,n
2088,v,i,l,l,a
2089,f,a,r,c,e
2090,b,i,n,d,s
2091,c,i,t,e,s
2092,f,i,x,e,s
2093,j,e,r,k,s
2094,l,i,v,i,d
2095,w,a,k,e,d
2096,i,n,k,e,d
2097,b,o,o,m,s
2098,c,h,e,w,s
2099,l,i,c,k,s
2100,h,y,e,n,a
2101,s,c,o,f,f
2102,l,u,s,t,y
2103,s,o,n,i,c
2104,s,m,i,t,h
2105,u,s,h,e,r
2106,t,u,c,k,s
2107,v,i,g,i,l
2108,m,o,l,t,s
2109,s,e,c,t,s
2110,s,p,a,r,s
2111,d,u,m,p,s
2112,s,c,a,l,y
2113,w,i,s,p,s
2114,s,o,r,e,s
2115,m,i,n,c,e
2116,p,a,n,d,a
2117,f,l,i,e,r
2118,a,x,l,e,s
2119,p,l,i,e,d
2120,b,o,o,b,y
2121,p,a,t,i,o
2122,r,a,b,b,i
2123,p,e,t,a,l
2124,p,o,l,y,p
2125,t,i,n,t,s
2126,g,r,a,t,e
2127,t,r,o,l,l
2128,t,o,l,l,s
2129,r,e,l,i,c
2130,p,h,o,n,y
2131,b,l,e,a,t
2132,f,l,a,w,s
2133,f,l,a,k,e
2134,s,n,a,g,s
2135,a,p,t,l,y
2136,d,r,a,w,l
2137,u,l,c,e,r
2138,s,o,a,p,y
2139,b,o,s,s,y
2140,m,o,n,k,s
2141,c,r,a,g,s
2142,c,a,g,e,d
2143,t,w,a,n,g
2144,d,i,n,e,r
2145,t,a,p,e,d
2146,c,a,d,e,t
2147,g,r,i,d,s
2148,s,p,a,w,n
2149,g,u,i,l,e
2150,n,o,o,s,e
2151,m,o,r,e,s
2152,g,i,r,t,h
2153,s,l,i,m,y
2154,a,i,d,e,s
2155,s,p,a,s,m
2156,b,u,r,r,s
2157,a,l,i,b,i
2158,l,y,m,p,h
2159,s,a,u,c,y
2160,m,u,g,g,y
2161,l,i,t,e,r
2162,j,o,k,e,d
2163,g,o,o,f,y
2164,e,x,a,m,s
2165,e,n,a,c,t
2166,s,t,o,r,k
2167,l,u,r,e,d
2168,t,o,x,i,c
2169,o,m,e,n,s
2170,n,e,a,r,s
2171,c,o,v,e,t
2172,w,r,u,n,g
2173,f,o,r,u,m
2174,v,e,n,o,m
2175,m,o,o,d,y
2176,a,l,d,e,r
2177,s,a,s,s,y
2178,f,l,a,i,r
2179,g,u,i,l,d
2180,p,r,a,y,s
2181,w,r,e,n,s
2182,h,a,u,l,s
2183,s,t,a,v,e
2184,t,i,l,t,s
2185,p,e,c,k,s
2186,s,t,o,m,p
2187,g,a,l,e,s
2188,t,e,m,p,t
2189,c,a,p,e,s
2190,m,e,s,a,s
2191,o,m,i,t,s
2192,t,e,p,e,e
2193,h,a,r,r,y
2194,w,r,i,n,g
2195,e,v,o,k,e
2196,l,i,m,e,s
2197,c,l,u,c,k
2198,l,u,n,g,e
2199,h,i,g,h,s
2200,c,a,n,e,s
2201,g,i,d,d,y
2202,l,i,t,h,e
2203,v,e,r,g,e
2204,k,h,a,k,i
2205,q,u,e,u,e
2206,l,o,a,t,h
2207,f,o,y,e,r
2208,o,u,t,d,o
2209,f,a,r,e,d
2210,d,e,t,e,r
2211,c,r,u,m,b
2212,a,s,t,i,r
2213,s,p,i,r,e
2214,j,u,m,p,y
2215,e,x,t,o,l
2216,b,u,o,y,s
2217,s,t,u,b,s
2218,l,u,c,i,d
2219,t,h,o,n,g
2220,a,f,o,r,e
2221,w,h,i,f,f
2222,m,a,x,i,m
2223,h,u,l,l,s
2224,c,l,o,g,s
2225,s,l,a,t,s
2226,j,i,f,f,y
2227,a,r,b,o,r
2228,c,i,n,c,h
2229,i,g,l,o,o
2230,g,o,o,d,y
2231,g,a,z,e,s
2232,d,o,w,e,l
2233,c,a,l,m,s
2234,b,i,t,c,h
2235,s,c,o,w,l
2236,g,u,l,p,s
2237,c,o,d,e,d
2238,w,a,v,e,r
2239,m,a,s,o,n
2240,l,o,b,e,s
2241,e,b,o,n,y
2242,f,l,a,i,l
2243,i,s,l,e,s
2244,c,l,o,d,s
2245,d,a,z,e,d
2246,a,d,e,p,t
2247,o,o,z,e,d
2248,s,e,d,a,n
2249,c,l,a,y,s
2250,w,a,r,t,s
2251,k,e,t,c,h
2252,s,k,u,n,k
2253,m,a,n,e,s
2254,a,d,o,r,e
2255,s,n,e,e,r
2256,m,a,n,g,o
2257,f,i,o,r,d
2258,f,l,o,r,a
2259,r,o,o,m,y
2260,m,i,n,k,s
2261,t,h,a,w,s
2262,w,a,t,t,s
2263,f,r,e,e,r
2264,e,x,u,l,t
2265,p,l,u,s,h
2266,p,a,l,e,d
2267,t,w,a,i,n
2268,c,l,i,n,k
2269,s,c,a,m,p
2270,p,a,w,e,d
2271,g,r,o,p,e
2272,b,r,a,v,o
2273,g,a,b,l,e
2274,s,t,i,n,k
2275,s,e,v,e,r
2276,w,a,n,e,d
2277,r,a,r,e,r
2278,r,e,g,a,l
2279,w,a,r,d,s
2280,f,a,w,n,s
2281,b,a,b,e,s
2282,u,n,i,f,y
2283,a,m,e,n,d
2284,o,a,k,e,n
2285,g,l,a,d,e
2286,v,i,s,o,r
2287,h,e,f,t,y
2288,n,i,n,e,s
2289,t,h,r,o,b
2290,p,e,c,a,n
2291,b,u,t,t,s
2292,p,e,n,c,e
2293,s,i,l,l,s
2294,j,a,i,l,s
2295,f,l,y,e,r
2296,s,a,b,e,r
2297,n,o,m,a,d
2298,m,i,t,e,r
2299,b,e,e,p,s
2300,d,o,m,e,d
2301,g,u,l,f,s
2302,c,u,r,b,s
2303,h,e,a,t,h
2304,m,o,o,r,s
2305,a,o,r,t,a
2306,l,a,r,k,s
2307,t,a,n,g,y
2308,w,r,y,l,y
2309,c,h,e,e,p
2310,r,a,g,e,s
2311,e,v,a,d,e
2312,l,u,r,e,s
2313,f,r,e,a,k
2314,v,o,g,u,e
2315,t,u,n,i,c
2316,s,l,a,m,s
2317,k,n,i,t,s
2318,d,u,m,p,y
2319,m,a,n,i,a
2320,s,p,i,t,s
2321,f,i,r,t,h
2322,h,i,k,e,s
2323,t,r,o,t,s
2324,n,o,s,e,d
2325,c,l,a,n,k
2326,d,o,g,m,a
2327,b,l,o,a,t
2328,b,a,l,s,a
2329,g,r,a,f,t
2330,m,i,d,d,y
2331,s,t,i,l,e
2332,k,e,y,e,d
2333,f,i,n,c,h
2334,s,p,e,r,m
2335,c,h,a,f,f
2336,w,i,l,e,s
2337,a,m,i,g,o
2338,c,o,p,r,a
2339,a,m,i,s,s
2340,e,y,i,n,g
2341,t,w,i,r,l
2342,l,u,r,c,h
2343,p,o,p,e,s
2344,c,h,i,n,s
2345,s,m,o,c,k
2346,t,i,n,e,s
2347,g,u,i,s,e
2348,g,r,i,t,s
2349,j,u,n,k,s
2350,s,h,o,a,l
2351,c,a,c,h,e
2352,t,a,p,i,r
2353,a,t,o,l,l
2354,d,e,i,t,y
2355,t,o,i,l,s
2356,s,p,r,e,e
2357,m,o,c,k,s
2358,s,c,a,n,s
2359,s,h,o,r,n
2360,r,e,v,e,l
2361,r,a,v,e,n
2362,h,o,a,r,y
2363,r,e,e,l,s
2364,s,c,u,f,f
2365,m,i,m,i,c
2366,w,e,e,d,y
2367,c,o,r,n,y
2368,t,r,u,e,r
2369,r,o,u,g,e
2370,e,m,b,e,r
2371,f,l,o,e,s
2372,t,o,r,s,o
2373,w,i,p,e,s
2374,e,d,i,c,t
2375,s,u,l,k,y
2376,r,e,c,u,r
2377,g,r,o,i,n
2378,b,a,s,t,e
2379,k,i,n,k,s
2380,s,u,r,e,r
2381,p,i,g,g,y
2382,m,o,l,d,y
2383,f,r,a,n,c
2384,l,i,a,r,s
2385,i,n,e,p,t
2386,g,u,s,t,y
2387,f,a,c,e,t
2388,j,e,t,t,y
2389,e,q,u,i,p
2390,l,e,p,e,r
2391,s,l,i,n,k
2392,s,o,a,r,s
2393,c,a,t,e,r
2394,d,o,w,r,y
2395,s,i,d,e,d
2396,y,e,a,r,n
2397,d,e,c,o,y
2398,t,a,b,o,o
2399,o,v,a,l,s
2400,h,e,a,l,s
2401,p,l,e,a,s
2402,b,e,r,e,t
2403,s,p,i,l,t
2404,g,a,y,l,y
2405,r,o,v,e,r
2406,e,n,d,o,w
2407,p,y,g,m,y
2408,c,a,r,a,t
2409,a,b,b,e,y
2410,v,e,n,t,s
2411,w,a,k,e,n
2412,c,h,i,m,p
2413,f,u,m,e,d
2414,s,o,d,a,s
2415,v,i,n,y,l
2416,c,l,o,u,t
2417,w,a,d,e,s
2418,m,i,t,e,s
2419,s,m,i,r,k
2420,b,o,r,e,s
2421,b,u,n,n,y
2422,s,u,r,l,y
2423,f,r,o,c,k
2424,f,o,r,a,y
2425,p,u,r,e,r
2426,m,i,l,k,s
2427,q,u,e,r,y
2428,m,i,r,e,d
2429,b,l,a,r,e
2430,f,r,o,t,h
2431,g,r,u,e,l
2432,n,a,v,e,l
2433,p,a,l,e,r
2434,p,u,f,f,y
2435,c,a,s,k,s
2436,g,r,i,m,e
2437,d,e,r,b,y
2438,m,a,m,m,a
2439,g,a,v,e,l
2440,t,e,d,d,y
2441,v,o,m,i,t
2442,m,o,a,n,s
2443,a,l,l,o,t
2444,d,e,f,e,r
2445,w,i,e,l,d
2446,v,i,p,e,r
2447,l,o,u,s,e
2448,e,r,r,e,d
2449,h,e,w,e,d
2450,a,b,h,o,r
2451,w,r,e,s,t
2452,w,a,x,e,n
2453,a,d,a,g,e
2454,a,r,d,o,r
2455,s,t,a,b,s
2456,p,o,r,e,d
2457,r,o,n,d,o
2458,l,o,p,e,d
2459,f,i,s,h,y
2460,b,i,b,l,e
2461,h,i,r,e,s
2462,f,o,a,l,s
2463,f,e,u,d,s
2464,j,a,m,b,s
2465,t,h,u,d,s
2466,j,e,e,r,s
2467,k,n,e,a,d
2468,q,u,i,r,k
2469,r,u,g,b,y
2470,e,x,p,e,l
2471,g,r,e,y,s
2472,r,i,g,o,r
2473,e,s,t,e,r
2474,l,y,r,e,s
2475,a,b,a,c,k
2476,g,l,u,e,s
2477,l,o,t,u,s
2478,l,u,r,i,d
2479,r,u,n,g,s
2480,h,u,t,c,h
2481,t,h,y,m,e
2482,v,a,l,e,t
2483,t,o,m,m,y
2484,y,o,k,e,s
2485,e,p,i,c,s
2486,t,r,i,l,l
2487,p,i,k,e,s
2488,o,z,o,n,e
2489,c,a,p,e,r
2490,c,h,i,m,e
2491,f,r,e,e,s
2492,f,a,m,e,d
2493,l,e,e,c,h
2494,s,m,i,t,e
2495,n,e,i,g,h
2496,e,r,o,d,e
2497,r,o,b,e,d
2498,h,o,a,r,d
2499,s,a,l,v,e
2500,c,o,n,i,c
2501,g,a,w,k,y
2502,c,r,a,z,e
2503,j,a,c,k,s
2504,g,l,o,a,t
2505,m,u,s,h,y
2506,r,u,m,p,s
2507,f,e,t,u,s
2508,w,i,n,c,e
2509,p,i,n,k,s
2510,s,h,a,l,t
2511,t,o,o,t,s
2512,g,l,e,n,s
2513,c,o,o,e,d
2514,r,u,s,t,s
2515,s,t,e,w,s
2516,s,h,r,e,d
2517,p,a,r,k,a
2518,c,h,u,g,s
2519,w,i,n,k,s
2520,c,l,o,t,s
2521,s,h,r,e,w
2522,b,o,o,e,d
2523,f,i,l,m,y
2524,j,u,r,o,r
2525,d,e,n,t,s
2526,g,u,m,m,y
2527,g,r,a,y,s
2528,h,o,o,k,y
2529,b,u,t,t,e
2530,d,o,g,i,e
2531,p,o,l,e,d
2532,r,e,a,m,s
2533,f,i,f,e,s
2534,s,p,a,n,k
2535,g,a,y,e,r
2536,t,e,p,i,d
2537,s,p,o,o,k
2538,t,a,i,n,t
2539,f,l,i,r,t
2540,r,o,g,u,e
2541,s,p,i,k,y
2542,o,p,a,l,s
2543,m,i,s,e,r
2544,c,o,c,k,y
2545,c,o,y,l,y
2546,b,a,l,m,y
2547,s,l,o,s,h
2548,b,r,a,w,l
2549,a,p,h,i,d
2550,f,a,k,e,d
2551,h,y,d,r,a
2552,b,r,a,g,s
2553,c,h,i,d,e
2554,y,a,n,k,s
2555,a,l,l,a,y
2556,v,i,d,e,o
2557,a,l,t,o,s
2558,e,a,s,e,s
2559,m,e,t,e,d
2560,c,h,a,s,m
2561,l,o,n,g,s
2562,e,x,c,e,l
2563,t,a,f,f,y
2564,i,m,p,e,l
2565,s,a,v,o,r
2566,k,o,a,l,a
2567,q,u,a,y,s
2568,d,a,w,n,s
2569,p,r,o,x,y
2570,c,l,o,v,e
2571,d,u,e,t,s
2572,d,r,e,g,s
2573,t,a,r,d,y
2574,b,r,i,a,r
2575,g,r,i,m,y
2576,u,l,t,r,a
2577,m,e,a,t,y
2578,h,a,l,v,e
2579,w,a,i,l,s
2580,s,u,e,d,e
2581,m,a,u,v,e
2582,e,n,v,o,y
2583,a,r,s,o,n
2584,c,o,v,e,s
2585,g,o,o,e,y
2586,b,r,e,w,s
2587,s,o,f,a,s
2588,c,h,u,m,s
2589,a,m,a,z,e
2590,z,o,o,m,s
2591,a,b,b,o,t
2592,h,a,l,o,s
2593,s,c,o,u,r
2594,s,u,i,n,g
2595,c,r,i,b,s
2596,s,a,g,a,s
2597,e,n,e,m,a
2598,w,o,r,d,y
2599,h,a,r,p,s
2600,c,o,u,p,e
2601,m,o,l,a,r
2602,f,l,o,p,s
2603,w,e,e,p,s
2604,m,i,n,t,s
2605,a,s,h,e,n
2606,f,e,l,t,s
2607,a,s,k,e,w
2608,m,u,n,c,h
2609,m,e,w,e,d
2610,d,i,v,a,n
2611,v,i,c,e,s
2612,j,u,m,b,o
2613,b,l,o,b,s
2614,b,l,o,t,s
2615,s,p,u,n,k
2616,a,c,r,i,d
2617,t,o,p,a,z
2618,c,u,b,e,d
2619,c,l,a,n,s
2620,f,l,e,e,s
2621,s,l,u,r,s
2622,g,n,a,w,s
2623,w,e,l,d,s
2624,f,o,r,d,s
2625,e,m,i,t,s
2626,a,g,a,t,e
2627,p,u,m,a,s
2628,m,e,n,d,s
2629,d,a,r,k,s
2630,d,u,k,e,s
2631,p,l,i,e,s
2632,c,a,n,n,y
2633,h,o,o,t,s
2634,o,o,z,e,s
2635,l,a,m,e,d
2636,f,o,u,l,s
2637,c,l,e,f,s
2638,n,i,c,k,s
2639,m,a,t,e,d
2640,s,k,i,m,s
2641,b,r,u,n,t
2642,t,u,b,e,r
2643,t,i,n,g,e
2644,f,a,t,e,s
2645,d,i,t,t,y
2646,t,h,i,n,s
2647,f,r,e,t,s
2648,e,i,d,e,r
2649,b,a,y,o,u
2650,m,u,l,c,h
2651,f,a,s,t,s
2652,a,m,a,s,s
2653,d,a,m,p,s
2654,m,o,r,n,s
2655,f,r,i,a,r
2656,p,a,l,s,y
2657,v,i,s,t,a
2658,c,r,o,o,n
2659,c,o,n,c,h
2660,u,d,d,e,r
2661,t,a,c,o,s
2662,s,k,i,t,s
2663,m,i,k,e,s
2664,q,u,i,t,s
2665,p,r,e,e,n
2666,a,s,t,e,r
2667,a,d,d,e,r
2668,e,l,e,g,y
2669,p,u,l,p,y
2670,s,c,o,w,s
2671,b,a,l,e,d
2672,h,o,v,e,l
2673,l,a,v,a,s
2674,c,r,a,v,e
2675,o,p,t,i,c
2676,w,e,l,t,s
2677,b,u,s,t,s
2678,k,n,a,v,e
2679,r,a,z,e,d
2680,s,h,i,n,s
2681,t,o,t,e,s
2682,s,c,o,o,t
2683,d,e,a,r,s
2684,c,r,o,c,k
2685,m,u,t,e,s
2686,t,r,i,m,s
2687,s,k,e,i,n
2688,d,o,t,e,d
2689,s,h,u,n,s
2690,v,e,e,r,s
2691,f,a,k,e,s
2692,y,o,k,e,d
2693,w,o,o,e,d
2694,h,a,c,k,s
2695,s,p,r,i,g
2696,w,a,n,d,s
2697,l,u,l,l,s
2698,s,e,e,r,s
2699,s,n,o,b,s
2700,n,o,o,k,s
2701,p,i,n,e,d
2702,p,e,r,k,y
2703,m,o,o,e,d
2704,f,r,i,l,l
2705,d,i,n,e,s
2706,b,o,o,z,e
2707,t,r,i,p,e
2708,p,r,o,n,g
2709,d,r,i,p,s
2710,o,d,d,e,r
2711,l,e,v,e,e
2712,a,n,t,i,c
2713,s,i,d,l,e
2714,p,i,t,h,y
2715,c,o,r,k,s
2716,y,e,l,p,s
2717,j,o,k,e,r
2718,f,l,e,c,k
2719,b,u,f,f,s
2720,s,c,r,a,m
2721,t,i,e,r,s
2722,b,o,g,e,y
2723,d,o,l,e,d
2724,i,r,a,t,e
2725,v,a,l,e,s
2726,c,o,p,e,d
2727,h,a,i,l,s
2728,e,l,u,d,e
2729,b,u,l,k,s
2730,a,i,r,e,d
2731,v,y,i,n,g
2732,s,t,a,g,s
2733,s,t,r,e,w
2734,c,o,c,c,i
2735,p,a,c,t,s
2736,s,c,a,b,s
2737,s,i,l,o,s
2738,d,u,s,t,s
2739,y,o,d,e,l
2740,t,e,r,s,e
2741,j,a,d,e,d
2742,b,a,s,e,r
2743,j,i,b,e,s
2744,f,o,i,l,s
2745,s,w,a,y,s
2746,f,o,r,g,o
2747,s,l,a,y,s
2748,p,r,e,y,s
2749,t,r,e,k,s
2750,q,u,e,l,l
2751,p,e,e,k,s
2752,a,s,s,a,y
2753,l,u,r,k,s
2754,e,j,e,c,t
2755,b,o,a,r,s
2756,t,r,i,t,e
2757,b,e,l,c,h
2758,g,n,a,s,h
2759,w,a,n,e,s
2760,l,u,t,e,s
2761,w,h,i,m,s
2762,d,o,s,e,d
2763,c,h,e,w,y
2764,s,n,i,p,e
2765,u,m,b,r,a
2766,t,e,e,m,s
2767,d,o,z,e,s
2768,k,e,l,p,s
2769,u,p,p,e,d
2770,b,r,a,w,n
2771,d,o,p,e,d
2772,s,h,u,s,h
2773,r,i,n,d,s
2774,s,l,u,s,h
2775,m,o,r,o,n
2776,v,o,i,l,e
2777,w,o,k,e,n
2778,f,j,o,r,d
2779,s,h,e,i,k
2780,j,e,s,t,s
2781,k,a,y,a,k
2782,s,l,e,w,s
2783,t,o,t,e,d
2784,s,a,n,e,r
2785,d,r,a,p,e
2786,p,a,t,t,y
2787,r,a,v,e,s
2788,s,u,l,f,a
2789,g,r,i,s,t
2790,s,k,i,e,d
2791,v,i,x,e,n
2792,c,i,v,e,t
2793,v,o,u,c,h
2794,t,i,a,r,a
2795,h,o,m,e,y
2796,m,o,p,e,d
2797,r,u,n,t,s
2798,s,e,r,g,e
2799,k,i,n,k,y
2800,r,i,l,l,s
2801,c,o,r,n,s
2802,b,r,a,t,s
2803,p,r,i,e,s
2804,a,m,b,l,e
2805,f,r,i,e,s
2806,l,o,o,n,s
2807,t,s,a,r,s
2808,d,a,t,u,m
2809,m,u,s,k,y
2810,p,i,g,m,y
2811,g,n,o,m,e
2812,r,a,v,e,l
2813,o,v,u,l,e
2814,i,c,i,l,y
2815,l,i,k,e,n
2816,l,e,m,u,r
2817,f,r,a,y,s
2818,s,i,l,t,s
2819,s,i,f,t,s
2820,p,l,o,d,s
2821,r,a,m,p,s
2822,t,r,e,s,s
2823,e,a,r,l,s
2824,d,u,d,e,s
2825,w,a,i,v,e
2826,k,a,r,a,t
2827,j,o,l,t,s
2828,p,e,o,n,s
2829,b,e,e,r,s
2830,h,o,r,n,y
2831,p,a,l,e,s
2832,w,r,e,a,k
2833,l,a,i,r,s
2834,l,y,n,c,h
2835,s,t,a,n,k
2836,s,w,o,o,n
2837,i,d,l,e,r
2838,a,b,o,r,t
2839,b,l,i,t,z
2840,e,n,s,u,e
2841,a,t,o,n,e
2842,b,i,n,g,o
2843,r,o,v,e,s
2844,k,i,l,t,s
2845,s,c,a,l,d
2846,a,d,i,o,s
2847,c,y,n,i,c
2848,d,u,l,l,s
2849,m,e,m,o,s
2850,e,l,f,i,n
2851,d,a,l,e,s
2852,p,e,e,l,s
2853,p,e,a,l,s
2854,b,a,r,e,s
2855,s,i,n,u,s
2856,c,r,o,n,e
2857,s,a,b,l,e
2858,h,i,n,d,s
2859,s,h,i,r,k
2860,e,n,r,o,l
2861,w,i,l,t,s
2862,r,o,a,m,s
2863,d,u,p,e,d
2864,c,y,s,t,s
2865,m,i,t,t,s
2866,s,a,f,e,s
2867,s,p,a,t,s
2868,c,o,o,p,s
2869,f,i,l,e,t
2870,k,n,e,l,l
2871,r,e,f,i,t
2872,c,o,v,e,y
2873,p,u,n,k,s
2874,k,i,l,n,s
2875,f,i,t,l,y
2876,a,b,a,t,e
2877,t,a,l,c,s
2878,h,e,e,d,s
2879,d,u,e,l,s
2880,w,a,n,l,y
2881,r,u,f,f,s
2882,g,a,u,s,s
2883,l,a,p,e,l
2884,j,a,u,n,t
2885,w,h,e,l,p
2886,c,l,e,a,t
2887,g,a,u,z,y
2888,d,i,r,g,e
2889,e,d,i,t,s
2890,w,o,r,m,y
2891,m,o,a,t,s
2892,s,m,e,a,r
2893,p,r,o,d,s
2894,b,o,w,e,l
2895,f,r,i,s,k
2896,v,e,s,t,s
2897,b,a,y,e,d
2898,r,a,s,p,s
2899,t,a,m,e,s
2900,d,e,l,v,e
2901,e,m,b,e,d
2902,b,e,f,i,t
2903,w,a,f,e,r
2904,c,e,d,e,d
2905,n,o,v,a,s
2906,f,e,i,g,n
2907,s,p,e,w,s
2908,l,a,r,c,h
2909,h,u,f,f,s
2910,d,o,l,e,s
2911,m,a,m,a,s
2912,h,u,l,k,s
2913,p,r,i,e,d
2914,b,r,i,m,s
2915,i,r,k,e,d
2916,a,s,p,i,c
2917,s,w,i,p,e
2918,m,e,a,l,y
2919,s,k,i,m,p
2920,b,l,u,e,r
2921,s,l,a,k,e
2922,d,o,w,d,y
2923,p,e,n,i,s
2924,b,r,a,y,s
2925,p,u,p,a,s
2926,e,g,r,e,t
2927,f,l,u,n,k
2928,p,h,l,o,x
2929,g,r,i,p,e
2930,p,e,o,n,y
2931,d,o,u,s,e
2932,b,l,u,r,s
2933,d,a,r,n,s
2934,s,l,u,n,k
2935,l,e,f,t,s
2936,c,h,a,t,s
2937,i,n,a,n,e
2938,v,i,a,l,s
2939,s,t,i,l,t
2940,r,i,n,k,s
2941,w,o,o,f,s
2942,w,o,w,e,d
2943,b,o,n,g,s
2944,f,r,o,n,d
2945,i,n,g,o,t
2946,e,v,i,c,t
2947,s,i,n,g,e
2948,s,h,y,e,r
2949,f,l,i,e,d
2950,s,l,o,p,s
2951,d,o,l,t,s
2952,d,r,o,o,l
2953,d,e,l,l,s
2954,w,h,e,l,k
2955,h,i,p,p,y
2956,f,e,t,e,d
2957,e,t,h,e,r
2958,c,o,c,o,s
2959,h,i,v,e,s
2960,j,i,b,e,d
2961,m,a,z,e,s
2962,t,r,i,o,s
2963,s,i,r,u,p
2964,s,q,u,a,b
2965,l,a,t,h,s
2966,l,e,e,r,s
2967,p,a,s,t,a
2968,r,i,f,t,s
2969,l,o,p,e,s
2970,a,l,i,a,s
2971,w,h,i,r,s
2972,d,i,c,e,d
2973,s,l,a,g,s
2974,l,o,d,e,s
2975,f,o,x,e,d
2976,i,d,l,e,d
2977,p,r,o,w,s
2978,p,l,a,i,t
2979,m,a,l,t,s
2980,c,h,a,f,e
2981,c,o,w,e,r
2982,t,o,y,e,d
2983,c,h,e,f,s
2984,k,e,e,l,s
2985,s,t,i,e,s
2986,r,a,c,e,r
2987,e,t,u,d,e
2988,s,u,c,k,s
2989,s,u,l,k,s
2990,m,i,c,a,s
2991,c,z,a,r,s
2992,c,o,p,s,e
2993,a,i,l,e,d
2994,a,b,l,e,r
2995,r,a,b,i,d
2996,g,o,l,d,s
2997,c,r,o,u,p
2998,s,n,a,k,y
2999,v,i,s,a,s
3000,p,a,l,l,s
3001,m,o,p,e,s
3002,b,o,n,e,d
3003,w,i,s,p,y
3004,r,a,v,e,d
3005,s,w,a,p,s
3006,j,u,n,k,y
3007,d,o,i,l,y
3008,p,a,w,n,s
3009,t,a,m,e,r
3010,p,o,a,c,h
3011,b,a,i,t,s
3012,d,a,m,n,s
3013,g,u,m,b,o
3014,d,a,u,n,t
3015,p,r,a,n,k
3016,h,u,n,k,s
3017,b,u,x,o,m
3018,h,e,r,e,s
3019,h,o,n,k,s
3020,s,t,o,w,s
3021,u,n,b,a,r
3022,i,d,l,e,s
3023,r,o,u,t,s
3024,s,a,g,e,s
3025,g,o,a,d,s
3026,r,e,m,i,t
3027,c,o,p,e,s
3028,d,e,i,g,n
3029,c,u,l,l,s
3030,g,i,r,d,s
3031,h,a,v,e,s
3032,l,u,c,k,s
3033,s,t,u,n,k
3034,d,o,d,o,s
3035,s,h,a,m,s
3036,s,n,u,b,s
3037,i,c,o,n,s
3038,u,s,u,r,p
3039,d,o,o,m,s
3040,h,e,l,l,s
3041,s,o,l,e,d
3042,c,o,m,a,s
3043,p,a,v,e,s
3044,m,a,t,h,s
3045,p,e,r,k,s
3046,l,i,m,p,s
3047,w,o,m,b,s
3048,b,l,u,r,b
3049,d,a,u,b,s
3050,c,o,k,e,s
3051,s,o,u,r,s
3052,s,t,u,n,s
3053,c,a,s,e,d
3054,m,u,s,t,s
3055,c,o,e,d,s
3056,c,o,w,e,d
3057,a,p,i,n,g
3058,z,o,n,e,d
3059,r,u,m,m,y
3060,f,e,t,e,s
3061,s,k,u,l,k
3062,q,u,a,f,f
3063,r,a,j,a,h
3064,d,e,a,n,s
3065,r,e,a,p,s
3066,g,a,l,a,s
3067,t,i,l,l,s
3068,r,o,v,e,d
3069,k,u,d,o,s
3070,t,o,n,e,d
3071,p,a,r,e,d
3072,s,c,u,l,l
3073,v,e,x,e,s
3074,p,u,n,t,s
3075,s,n,o,o,p
3076,b,a,i,l,s
3077,d,a,m,e,s
3078,h,a,z,e,s
3079,l,o,r,e,s
3080,m,a,r,t,s
3081,v,o,i,d,s
3082,a,m,e,b,a
3083,r,a,k,e,s
3084,a,d,z,e,s
3085,h,a,r,m,s
3086,r,e,a,r,s
3087,s,a,t,y,r
3088,s,w,i,l,l
3089,h,e,x,e,s
3090,c,o,l,i,c
3091,l,e,e,k,s
3092,h,u,r,l,s
3093,y,o,w,l,s
3094,i,v,i,e,s
3095,p,l,o,p,s
3096,m,u,s,k,s
3097,p,a,p,a,w
3098,j,e,l,l,s
3099,b,u,s,e,d
3100,c,r,u,e,t
3101,b,i,d,e,d
3102,f,i,l,c,h
3103,z,e,s,t,s
3104,r,o,o,k,s
3105,l,a,x,l,y
3106,r,e,n,d,s
3107,l,o,a,m,s
3108,b,a,s,k,s
3109,s,i,r,e,s
3110,c,a,r,p,s
3111,p,o,k,e,y
3112,f,l,i,t,s
3113,m,u,s,e,s
3114,b,a,w,l,s
3115,s,h,u,c,k
3116,v,i,l,e,r
3117,l,i,s,p,s
3118,p,e,e,p,s
3119,s,o,r,e,r
3120,l,o,l,l,s
3121,p,r,u,d,e
3122,d,i,k,e,d
3123,f,l,o,s,s
3124,f,l,o,g,s
3125,s,c,u,m,s
3126,d,o,p,e,s
3127,b,o,g,i,e
3128,p,i,n,k,y
3129,l,e,a,f,s
3130,t,u,b,a,s
3131,s,c,a,d,s
3132,l,o,w,e,d
3133,y,e,s,e,s
3134,b,i,k,e,d
3135,q,u,a,l,m
3136,e,v,e,n,s
3137,c,a,n,e,d
3138,g,a,w,k,s
3139,w,h,i,t,s
3140,w,o,o,l,y
3141,g,l,u,t,s
3142,r,o,m,p,s
3143,b,e,s,t,s
3144,d,u,n,c,e
3145,c,r,o,n,y
3146,j,o,i,s,t
3147,t,u,n,a,s
3148,b,o,n,e,r
3149,m,a,l,l,s
3150,p,a,r,c,h
3151,a,v,e,r,s
3152,c,r,a,m,s
3153,p,a,r,e,s
3154,d,a,l,l,y
3155,b,i,g,o,t
3156,k,a,l,e,s
3157,f,l,a,y,s
3158,l,e,a,c,h
3159,g,u,s,h,y
3160,p,o,o,c,h
3161,h,u,g,e,r
3162,s,l,y,e,r
3163,g,o,l,f,s
3164,m,i,r,e,s
3165,f,l,u,e,s
3166,l,o,a,f,s
3167,a,r,c,e,d
3168,a,c,n,e,s
3169,n,e,o,n,s
3170,f,i,e,f,s
3171,d,i,n,t,s
3172,d,a,z,e,s
3173,p,o,u,t,s
3174,c,o,r,e,d
3175,y,u,l,e,s
3176,l,i,l,t,s
3177,b,e,e,f,s
3178,m,u,t,t,s
3179,f,e,l,l,s
3180,c,o,w,l,s
3181,s,p,u,d,s
3182,l,a,m,e,s
3183,j,a,w,e,d
3184,d,u,p,e,s
3185,d,e,a,d,s
3186,b,y,l,a,w
3187,n,o,o,n,s
3188,n,i,f,t,y
3189,c,l,u,e,d
3190,v,i,r,e,o
3191,g,a,p,e,s
3192,m,e,t,e,s
3193,c,u,t,e,r
3194,m,a,i,m,s
3195,d,r,o,l,l
3196,c,u,p,i,d
3197,m,a,u,l,s
3198,s,e,d,g,e
3199,p,a,p,a,s
3200,w,h,e,y,s
3201,e,k,i,n,g
3202,l,o,o,t,s
3203,h,i,l,t,s
3204,m,e,o,w,s
3205,b,e,a,u,s
3206,d,i,c,e,s
3207,p,e,p,p,y
3208,r,i,p,e,r
3209,f,o,g,e,y
3210,g,i,s,t,s
3211,y,o,g,a,s
3212,g,i,l,t,s
3213,s,k,e,w,s
3214,c,e,d,e,s
3215,z,e,a,l,s
3216,a,l,u,m,s
3217,o,k,a,y,s
3218,e,l,o,p,e
3219,g,r,u,m,p
3220,w,a,f,t,s
3221,s,o,o,t,s
3222,b,l,i,m,p
3223,h,e,f,t,s
3224,m,u,l,l,s
3225,h,o,s,e,d
3226,c,r,e,s,s
3227,d,o,f,f,s
3228,r,u,d,e,r
3229,p,i,x,i,e
3230,w,a,i,f,s
3231,o,u,s,t,s
3232,p,u,c,k,s
3233,b,i,e,r,s
3234,g,u,l,c,h
3235,s,u,e,t,s
3236,h,o,b,o,s
3237,l,i,n,t,s
3238,b,r,a,n,s
3239,t,e,a,l,s
3240,g,a,r,b,s
3241,p,e,w,e,e
3242,h,e,l,m,s
3243,t,u,r,f,s
3244,q,u,i,p,s
3245,w,e,n,d,s
3246,b,a,n,e,s
3247,n,a,p,e,s
3248,i,c,i,e,r
3249,s,w,a,t,s
3250,b,a,g,e,l
3251,h,e,x,e,d
3252,o,g,r,e,s
3253,g,o,n,e,r
3254,g,i,l,d,s
3255,p,y,r,e,s
3256,l,a,r,d,s
3257,b,i,d,e,s
3258,p,a,g,e,d
3259,t,a,l,o,n
3260,f,l,o,u,t
3261,m,e,d,i,c
3262,v,e,a,l,s
3263,p,u,t,t,s
3264,d,i,r,k,s
3265,d,o,t,e,s
3266,t,i,p,p,y
3267,b,l,u,r,t
3268,p,i,t,h,s
3269,a,c,i,n,g
3270,b,a,r,e,r
3271,w,h,e,t,s
3272,g,a,i,t,s
3273,w,o,o,l,s
3274,d,u,n,k,s
3275,h,e,r,o,s
3276,s,w,a,b,s
3277,d,i,r,t,s
3278,j,u,t,e,s
3279,h,e,m,p,s
3280,s,u,r,f,s
3281,o,k,a,p,i
3282,c,h,o,w,s
3283,s,h,o,o,s
3284,d,u,s,k,s
3285,p,a,r,r,y
3286,d,e,c,a,l
3287,f,u,r,l,s
3288,c,i,l,i,a
3289,s,e,a,r,s
3290,n,o,v,a,e
3291,m,u,r,k,s
3292,w,a,r,p,s
3293,s,l,u,e,s
3294,l,a,m,e,r
3295,s,a,r,i,s
3296,w,e,a,n,s
3297,p,u,r,r,s
3298,d,i,l,l,s
3299,t,o,g,a,s
3300,n,e,w,t,s
3301,m,e,a,n,y
3302,b,u,n,t,s
3303,r,a,z,e,s
3304,g,o,o,n,s
3305,w,i,c,k,s
3306,r,u,s,e,s
3307,v,e,n,d,s
3308,g,e,o,d,e
3309,d,r,a,k,e
3310,j,u,d,o,s
3311,l,o,f,t,s
3312,p,u,l,p,s
3313,l,a,u,d,s
3314,m,u,c,k,s
3315,v,i,s,e,s
3316,m,o,c,h,a
3317,o,i,l,e,d
3318,r,o,m,a,n
3319,e,t,h,y,l
3320,g,o,t,t,a
3321,f,u,g,u,e
3322,s,m,a,c,k
3323,g,o,u,r,d
3324,b,u,m,p,y
3325,r,a,d,i,x
3326,f,a,t,t,y
3327,b,o,r,a,x
3328,c,u,b,i,t
3329,c,a,c,t,i
3330,g,a,m,m,a
3331,f,o,c,a,l
3332,a,v,a,i,l
3333,p,a,p,a,l
3334,g,o,l,l,y
3335,e,l,i,t,e
3336,v,e,r,s,a
3337,b,i,l,l,y
3338,a,d,i,e,u
3339,a,n,n,u,m
3340,h,o,w,d,y
3341,r,h,i,n,o
3342,n,o,r,m,s
3343,b,o,b,b,y
3344,a,x,i,o,m
3345,s,e,t,u,p
3346,y,o,l,k,s
3347,t,e,r,n,s
3348,m,i,x,e,r
3349,g,e,n,r,e
3350,k,n,o,l,l
3351,a,b,o,d,e
3352,j,u,n,t,a
3353,g,o,r,g,e
3354,c,o,m,b,o
3355,a,l,p,h,a
3356,o,v,e,r,t
3357,k,i,n,d,a
3358,s,p,e,l,t
3359,p,r,i,c,k
3360,n,o,b,l,y
3361,e,p,h,o,d
3362,a,u,d,i,o
3363,m,o,d,a,l
3364,v,e,l,d,t
3365,w,a,r,t,y
3366,f,l,u,k,e
3367,b,o,n,n,y
3368,b,r,e,a,m
3369,r,o,s,i,n
3370,b,o,l,l,s
3371,d,o,e,r,s
3372,d,o,w,n,s
3373,b,e,a,d,y
3374,m,o,t,i,f
3375,h,u,m,p,h
3376,f,e,l,l,a
3377,m,o,u,l,d
3378,c,r,e,p,e
3379,k,e,r,n,s
3380,a,l,o,h,a
3381,g,l,y,p,h
3382,a,z,u,r,e
3383,r,i,s,e,r
3384,b,l,e,s,t
3385,l,o,c,u,s
3386,l,u,m,p,y
3387,b,e,r,y,l
3388,w,a,n,n,a
3389,b,r,i,e,r
3390,t,u,n,e,r
3391,r,o,w,d,y
3392,m,u,r,a,l
3393,t,i,m,e,r
3394,c,a,n,s,t
3395,k,r,i,l,l
3396,q,u,o,t,h
3397,l,e,m,m,e
3398,t,r,i,a,d
3399,t,e,n,o,n
3400,a,m,p,l,y
3401,d,e,e,p,s
3402,p,a,d,r,e
3403,l,e,a,n,t
3404,p,a,c,e,r
3405,o,c,t,a,l
3406,d,o,l,l,y
3407,t,r,a,n,s
3408,s,u,m,a,c
3409,f,o,a,m,y
3410,l,o,l,l,y
3411,g,i,v,e,r
3412,q,u,i,p,u
3413,c,o,d,e,x
3414,m,a,n,n,a
3415,u,n,w,e,d
3416,v,o,d,k,a
3417,f,e,r,n,y
3418,s,a,l,o,n
3419,d,u,p,l,e
3420,b,o,r,o,n
3421,r,e,v,u,e
3422,c,r,i,e,r
3423,a,l,a,c,k
3424,i,n,t,e,r
3425,d,i,l,l,y
3426,w,h,i,s,t
3427,c,u,l,t,s
3428,s,p,a,k,e
3429,r,e,s,e,t
3430,l,o,e,s,s
3431,d,e,c,o,r
3432,m,o,v,e,r
3433,v,e,r,v,e
3434,e,t,h,i,c
3435,g,a,m,u,t
3436,l,i,n,g,o
3437,d,u,n,n,o
3438,a,l,i,g,n
3439,s,i,s,s,y
3440,i,n,c,u,r
3441,r,e,e,d,y
3442,a,v,a,n,t
3443,p,i,p,e,r
3444,w,a,x,e,r
3445,c,a,l,y,x
3446,b,a,s,i,l
3447,c,o,o,n,s
3448,s,e,i,n,e
3449,p,i,n,e,y
3450,l,e,m,m,a
3451,t,r,a,m,s
3452,w,i,n,c,h
3453,w,h,i,r,r
3454,s,a,i,t,h
3455,i,o,n,i,c
3456,h,e,a,d,y
3457,h,a,r,e,m
3458,t,u,m,m,y
3459,s,a,l,l,y
3460,s,h,i,e,d
3461,d,r,o,s,s
3462,f,a,r,a,d
3463,s,a,v,e,r
3464,t,i,l,d,e
3465,j,i,n,g,o
3466,b,o,w,e,r
3467,s,e,r,i,f
3468,f,a,c,t,o
3469,b,e,l,l,e
3470,i,n,s,e,t
3471,b,o,g,u,s
3472,c,a,v,e,d
3473,f,o,r,t,e
3474,s,o,o,t,y
3475,b,o,n,g,o
3476,t,o,v,e,s
3477,c,r,e,d,o
3478,b,a,s,a,l
3479,y,e,l,l,a
3480,a,g,l,o,w
3481,g,l,e,a,n
3482,g,u,s,t,o
3483,h,y,m,e,n
3484,e,t,h,o,s
3485,t,e,r,r,a
3486,b,r,a,s,h
3487,s,c,r,i,p
3488,s,w,a,s,h
3489,a,l,e,p,h
3490,t,i,n,n,y
3491,i,t,c,h,y
3492,w,a,n,t,a
3493,t,r,i,c,e
3494,j,o,w,l,s
3495,g,o,n,g,s
3496,g,a,r,d,e
3497,b,o,r,i,c
3498,t,w,i,l,l
3499,s,o,w,e,r
3500,h,e,n,r,y
3501,a,w,a,s,h
3502,l,i,b,e,l
3503,s,p,u,r,n
3504,s,a,b,r,e
3505,r,e,b,u,t
3506,p,e,n,a,l
3507,o,b,e,s,e
3508,s,o,n,n,y
3509,q,u,i,r,t
3510,m,e,b,b,e
3511,t,a,c,i,t
3512,g,r,e,e,k
3513,x,e,n,o,n
3514,h,u,l,l,o
3515,p,i,q,u,e
3516,r,o,g,e,r
3517,n,e,g,r,o
3518,h,a,d,s,t
3519,g,e,c,k,o
3520,b,e,g,e,t
3521,u,n,c,u,t
3522,a,l,o,e,s
3523,l,o,u,i,s
3524,q,u,i,n,t
3525,c,l,u,n,k
3526,r,a,p,e,d
3527,s,a,l,v,o
3528,d,i,o,d,e
3529,m,a,t,e,y
3530,h,e,r,t,z
3531,x,y,l,e,m
3532,k,i,o,s,k
3533,a,p,a,c,e
3534,c,a,w,e,d
3535,p,e,t,e,r
3536,w,e,n,c,h
3537,c,o,h,o,s
3538,s,o,r,t,a
3539,g,a,m,b,a
3540,b,y,t,e,s
3541,t,a,n,g,o
3542,n,u,t,t,y
3543,a,x,i,a,l
3544,a,l,e,c,k
3545,n,a,t,a,l
3546,c,l,o,m,p
3547,g,o,r,e,d
3548,s,i,r,e,e
3549,b,a,n,d,y
3550,g,u,n,n,y
3551,r,u,n,i,c
3552,w,h,i,z,z
3553,r,u,p,e,e
3554,f,a,t,e,d
3555,w,i,p,e,r
3556,b,a,r,d,s
3557,b,r,i,n,y
3558,s,t,a,i,d
3559,h,o,c,k,s
3560,o,c,h,r,e
3561,y,u,m,m,y
3562,g,e,n,t,s
3563,s,o,u,p,y
3564,r,o,p,e,r
3565,s,w,a,t,h
3566,c,a,m,e,o
3567,e,d,g,e,r
3568,s,p,a,t,e
3569,g,i,m,m,e
3570,e,b,b,e,d
3571,b,r,e,v,e
3572,t,h,e,t,a
3573,d,e,e,m,s
3574,d,y,k,e,s
3575,s,e,r,v,o
3576,t,e,l,l,y
3577,t,a,b,b,y
3578,t,a,r,e,s
3579,b,l,o,c,s
3580,w,e,l,c,h
3581,g,h,o,u,l
3582,v,i,t,a,e
3583,c,u,m,i,n
3584,d,i,n,k,y
3585,b,r,o,n,c
3586,t,a,b,o,r
3587,t,e,e,n,y
3588,c,o,m,e,r
3589,b,o,r,e,r
3590,s,i,r,e,d
3591,p,r,i,v,y
3592,m,a,m,m,y
3593,d,e,a,r,y
3594,g,y,r,o,s
3595,s,p,r,i,t
3596,c,o,n,g,a
3597,q,u,i,r,e
3598,t,h,u,g,s
3599,f,u,r,o,r
3600,b,l,o,k,e
3601,r,u,n,e,s
3602,b,a,w,d,y
3603,c,a,d,r,e
3604,t,o,x,i,n
3605,a,n,n,u,l
3606,e,g,g,e,d
3607,a,n,i,o,n
3608,n,o,d,e,s
3609,p,i,c,k,y
3610,s,t,e,i,n
3611,j,e,l,l,o
3612,a,u,d,i,t
3613,e,c,h,o,s
3614,f,a,g,o,t
3615,l,e,t,u,p
3616,e,y,r,i,e
3617,f,o,u,n,t
3618,c,a,p,e,d
3619,a,x,o,n,s
3620,a,m,u,c,k
3621,b,a,n,a,l
3622,r,i,l,e,d
3623,p,e,t,i,t
3624,u,m,b,e,r
3625,m,i,l,e,r
3626,f,i,b,r,e
3627,a,g,a,v,e
3628,b,a,t,e,d
3629,b,i,l,g,e
3630,v,i,t,r,o
3631,f,e,i,n,t
3632,p,u,d,g,y
3633,m,a,t,e,r
3634,m,a,n,i,c
3635,u,m,p,e,d
3636,p,e,s,k,y
3637,s,t,r,e,p
3638,s,l,u,r,p
3639,p,y,l,o,n
3640,p,u,r,e,e
3641,c,a,r,e,t
3642,t,e,m,p,s
3643,n,e,w,e,l
3644,y,a,w,n,s
3645,s,e,e,d,y
3646,t,r,e,e,d
3647,c,o,u,p,s
3648,r,a,n,g,y
3649,b,r,a,d,s
3650,m,a,n,g,y
3651,l,o,n,e,r
3652,c,i,r,c,a
3653,t,i,b,i,a
3654,a,f,o,u,l
3655,m,o,m,m,y
3656,t,i,t,e,r
3657,c,a,r,n,e
3658,k,o,o,k,y
3659,m,o,t,e,s
3660,a,m,i,t,y
3661,s,u,a,v,e
3662,h,i,p,p,o
3663,c,u,r,v,y
3664,s,a,m,b,a
3665,n,e,w,s,y
3666,a,n,i,s,e
3667,i,m,a,m,s
3668,t,u,l,l,e
3669,a,w,a,y,s
3670,l,i,v,e,n
3671,h,a,l,l,o
3672,w,a,l,e,s
3673,o,p,t,e,d
3674,c,a,n,t,o
3675,i,d,y,l,l
3676,b,o,d,e,s
3677,c,u,r,i,o
3678,w,r,a,c,k
3679,h,i,k,e,r
3680,c,h,i,v,e
3681,y,o,k,e,l
3682,d,o,t,t,y
3683,d,e,m,u,r
3684,c,u,s,p,s
3685,s,p,e,c,s
3686,q,u,a,d,s
3687,l,a,i,t,y
3688,t,o,n,e,r
3689,d,e,c,r,y
3690,w,r,i,t,s
3691,s,a,u,t,e
3692,c,l,a,c,k
3693,a,u,g,h,t
3694,l,o,g,o,s
3695,t,i,p,s,y
3696,n,a,t,t,y
3697,d,u,c,a,l
3698,b,i,d,e,t
3699,b,u,l,g,y
3700,m,e,t,r,e
3701,l,u,s,t,s
3702,u,n,a,r,y
3703,g,o,e,t,h
3704,b,a,l,e,r
3705,s,i,t,e,d
3706,s,h,i,e,s
3707,h,a,s,p,s
3708,b,r,u,n,g
3709,h,o,l,e,d
3710,s,w,a,n,k
3711,l,o,o,k,y
3712,m,e,l,e,e
3713,h,u,f,f,y
3714,l,o,a,m,y
3715,p,i,m,p,s
3716,t,i,t,a,n
3717,b,i,n,g,e
3718,s,h,u,n,t
3719,f,e,m,u,r
3720,l,i,b,r,a
3721,s,e,d,e,r
3722,h,o,n,e,d
3723,a,n,n,a,s
3724,c,o,y,p,u
3725,s,h,i,m,s
3726,z,o,w,i,e
3727,j,i,h,a,d
3728,s,a,v,v,y
3729,n,a,d,i,r
3730,b,a,s,s,o
3731,m,o,n,i,c
3732,m,a,n,e,d
3733,m,o,u,s,y
3734,o,m,e,g,a
3735,l,a,v,e,r
3736,p,r,i,m,a
3737,p,i,c,a,s
3738,f,o,l,i,o
3739,m,e,c,c,a
3740,r,e,a,l,s
3741,t,r,o,t,h
3742,t,e,s,t,y
3743,b,a,l,k,y
3744,c,r,i,m,p
3745,c,h,i,n,k
3746,a,b,e,t,s
3747,s,p,l,a,t
3748,a,b,a,c,i
3749,v,a,u,n,t
3750,c,u,t,i,e
3751,p,a,s,t,y
3752,m,o,r,a,y
3753,l,e,v,i,s
3754,r,a,t,t,y
3755,i,s,l,e,t
3756,j,o,u,s,t
3757,m,o,t,e,t
3758,v,i,r,a,l
3759,n,u,k,e,s
3760,g,r,a,d,s
3761,c,o,m,f,y
3762,v,o,i,l,a
3763,w,o,o,z,y
3764,b,l,u,e,d
3765,w,h,o,m,p
3766,s,w,a,r,d
3767,m,e,t,r,o
3768,s,k,e,e,t
3769,c,h,i,n,e
3770,a,e,r,i,e
3771,b,o,w,i,e
3772,t,u,b,b,y
3773,e,m,i,r,s
3774,c,o,a,t,i
3775,u,n,z,i,p
3776,s,l,o,b,s
3777,t,r,i,k,e
3778,f,u,n,k,y
3779,d,u,c,a,t
3780,d,e,w,e,y
3781,s,k,o,a,l
3782,w,a,d,i,s
3783,o,o,m,p,h
3784,t,a,k,e,r
3785,m,i,n,i,m
3786,g,e,t,u,p
3787,s,t,o,i,c
3788,s,y,n,o,d
3789,r,u,n,t,y
3790,f,l,y,b,y
3791,b,r,a,z,e
3792,i,n,l,a,y
3793,v,e,n,u,e
3794,l,o,u,t,s
3795,p,e,a,t,y
3796,o,r,l,o,n
3797,h,u,m,p,y
3798,r,a,d,o,n
3799,b,e,a,u,t
3800,r,a,s,p,y
3801,u,n,f,e,d
3802,c,r,i,c,k
3803,n,a,p,p,y
3804,v,i,z,o,r
3805,y,i,p,e,s
3806,r,e,b,u,s
3807,d,i,v,o,t
3808,k,i,w,i,s
3809,v,e,t,c,h
3810,s,q,u,i,b
3811,s,i,t,a,r
3812,k,i,d,d,o
3813,d,y,e,r,s
3814,c,o,t,t,a
3815,m,a,t,z,o
3816,l,a,g,e,r
3817,z,e,b,u,s
3818,c,r,a,s,s
3819,d,a,c,h,a
3820,k,n,e,e,d
3821,d,i,c,t,a
3822,f,a,k,i,r
3823,k,n,u,r,l
3824,r,u,n,n,y
3825,u,n,p,i,n
3826,j,u,l,e,p
3827,g,l,o,b,s
3828,n,u,d,e,s
3829,s,u,s,h,i
3830,t,a,c,k,y
3831,s,t,o,k,e
3832,k,a,p,u,t
3833,b,u,t,c,h
3834,h,u,l,a,s
3835,c,r,o,f,t
3836,a,c,h,o,o
3837,g,e,n,i,i
3838,n,o,d,a,l
3839,o,u,t,g,o
3840,s,p,i,e,l
3841,v,i,o,l,s
3842,f,e,t,i,d
3843,c,a,g,e,y
3844,f,u,d,g,y
3845,e,p,o,x,y
3846,l,e,g,g,y
3847,h,a,n,k,y
3848,l,a,p,i,s
3849,f,e,l,o,n
3850,b,e,e,f,y
3851,c,o,o,t,s
3852,m,e,l,b,a
3853,c,a,d,d,y
3854,s,e,g,u,e
3855,b,e,t,e,l
3856,f,r,i,z,z
3857,d,r,e,a,r
3858,k,o,o,k,s
3859,t,u,r,b,o
3860,h,o,a,g,y
3861,m,o,u,l,t
3862,h,e,l,i,x
3863,z,o,n,a,l
3864,a,r,i,a,s
3865,n,o,s,e,y
3866,p,a,e,a,n
3867,l,a,c,e,y
3868,b,a,n,n,s
3869,s,w,a,i,n
3870,f,r,y,e,r
3871,r,e,t,c,h
3872,t,e,n,e,t
3873,g,i,g,a,s
3874,w,h,i,n,y
3875,o,g,l,e,d
3876,r,u,m,e,n
3877,b,e,g,o,t
3878,c,r,u,s,e
3879,a,b,u,t,s
3880,r,i,v,e,n
3881,b,a,l,k,s
3882,s,i,n,e,s
3883,s,i,g,m,a
3884,a,b,a,s,e
3885,e,n,n,u,i
3886,g,o,r,e,s
3887,u,n,s,e,t
3888,a,u,g,u,r
3889,s,a,t,e,d
3890,o,d,i,u,m
3891,l,a,t,i,n
3892,d,i,n,g,s
3893,m,o,i,r,e
3894,s,c,i,o,n
3895,h,e,n,n,a
3896,k,r,a,u,t
3897,d,i,c,k,s
3898,l,i,f,e,r
3899,p,r,i,g,s
3900,b,e,b,o,p
3901,g,a,g,e,s
3902,g,a,z,e,r
3903,f,a,n,n,y
3904,g,i,b,e,s
3905,a,u,r,a,l
3906,t,e,m,p,i
3907,h,o,o,c,h
3908,r,a,p,e,s
3909,s,n,u,c,k
3910,h,a,r,t,s
3911,t,e,c,h,s
3912,e,m,e,n,d
3913,n,i,n,n,y
3914,g,u,a,v,a
3915,s,c,a,r,p
3916,l,i,e,g,e
3917,t,u,f,t,y
3918,s,e,p,i,a
3919,t,o,m,e,s
3920,c,a,r,o,b
3921,e,m,c,e,e
3922,p,r,a,m,s
3923,p,o,s,e,r
3924,v,e,r,s,o
3925,h,u,b,b,a
3926,j,o,u,l,e
3927,b,a,i,z,e
3928,b,l,i,p,s
3929,s,c,r,i,m
3930,c,u,b,b,y
3931,c,l,a,v,e
3932,w,i,n,o,s
3933,r,e,a,r,m
3934,l,i,e,n,s
3935,l,u,m,e,n
3936,c,h,u,m,p
3937,n,a,n,n,y
3938,t,r,u,m,p
3939,f,i,c,h,u
3940,c,h,o,m,p
3941,h,o,m,o,s
3942,p,u,r,t,y
3943,m,a,s,e,r
3944,w,o,o,s,h
3945,p,a,t,s,y
3946,s,h,i,l,l
3947,r,u,s,k,s
3948,a,v,a,s,t
3949,s,w,a,m,i
3950,b,o,d,e,d
3951,a,h,h,h,h
3952,l,o,b,e,d
3953,n,a,t,c,h
3954,s,h,i,s,h
3955,t,a,n,s,y
3956,s,n,o,o,t
3957,p,a,y,e,r
3958,a,l,t,h,o
3959,s,a,p,p,y
3960,l,a,x,e,r
3961,h,u,b,b,y
3962,a,e,g,i,s
3963,r,i,l,e,s
3964,d,i,t,t,o
3965,j,a,z,z,y
3966,d,i,n,g,o
3967,q,u,a,s,i
3968,s,e,p,t,a
3969,p,e,a,k,y
3970,l,o,r,r,y
3971,h,e,e,r,d
3972,b,i,t,t,y
3973,p,a,y,e,e
3974,s,e,a,m,y
3975,a,p,s,e,s
3976,i,m,b,u,e
3977,b,e,l,i,e
3978,c,h,a,r,y
3979,s,p,o,o,f
3980,p,h,y,l,a
3981,c,l,i,m,e
3982,b,a,b,e,l
3983,w,a,c,k,y
3984,s,u,m,p,s
3985,s,k,i,d,s
3986,k,h,a,n,s
3987,c,r,y,p,t
3988,i,n,u,r,e
3989,n,o,n,c,e
3990,o,u,t,e,n
3991,f,a,i,r,e
3992,h,o,o,e,y
3993,a,n,o,l,e
3994,k,a,z,o,o
3995,c,a,l,v,e
3996,l,i,m,b,o
3997,a,r,g,o,t
3998,d,u,c,k,y
3999,f,a,k,e,r
4000,v,i,b,e,s
4001,g,a,s,s,y
4002,u,n,l,i,t
4003,n,e,r,v,y
4004,f,e,m,m,e
4005,b,i,t,e,r
4006,f,i,c,h,e
4007,b,o,o,r,s
4008,g,a,f,f,e
4009,s,a,x,e,s
4010,r,e,c,a,p
4011,s,y,n,c,h
4012,f,a,c,i,e
4013,d,i,c,e,y
4014,o,u,i,j,a
4015,h,e,w,e,r
4016,l,e,g,i,t
4017,g,u,r,u,s
4018,e,d,i,f,y
4019,t,w,e,a,k
4020,c,a,r,o,n
4021,t,y,p,o,s
4022,r,e,r,u,n
4023,p,o,l,l,y
4024,s,u,r,d,s
4025,h,a,m,z,a
4026,n,u,l,l,s
4027,h,a,t,e,r
4028,l,e,f,t,y
4029,m,o,g,u,l
4030,m,a,f,i,a
4031,d,e,b,u,g
4032,p,a,t,e,s
4033,b,l,a,b,s
4034,s,p,l,a,y
4035,t,a,l,u,s
4036,p,o,r,n,o
4037,m,o,o,l,a
4038,n,i,x,e,d
4039,k,i,l,o,s
4040,s,n,i,d,e
4041,h,o,r,s,y
4042,g,e,s,s,o
4043,j,a,g,g,y
4044,t,r,o,v,e
4045,n,i,x,e,s
4046,c,r,e,e,l
4047,p,a,t,e,r
4048,i,o,t,a,s
4049,c,a,d,g,e
4050,s,k,y,e,d
4051,h,o,k,u,m
4052,f,u,r,z,e
4053,a,n,k,h,s
4054,c,u,r,i,e
4055,n,u,t,s,y
4056,h,i,l,u,m
4057,r,e,m,i,x
4058,a,n,g,s,t
4059,b,u,r,l,s
4060,j,i,m,m,y
4061,v,e,i,n,y
4062,t,r,y,s,t
4063,c,o,d,o,n
4064,b,e,f,o,g
4065,g,a,m,e,d
4066,f,l,u,m,e
4067,a,x,m,a,n
4068,d,o,o,z,y
4069,l,u,b,e,s
4070,r,h,e,a,s
4071,b,o,z,o,s
4072,b,u,t,y,l
4073,k,e,l,l,y
4074,m,y,n,a,h
4075,j,o,c,k,s
4076,d,o,n,u,t
4077,a,v,i,a,n
4078,w,u,r,s,t
4079,c,h,o,c,k
4080,q,u,a,s,h
4081,q,u,a,l,s
4082,h,a,y,e,d
4083,b,o,m,b,e
4084,c,u,s,h,y
4085,s,p,a,c,y
4086,p,u,k,e,d
4087,l,e,e,r,y
4088,t,h,e,w,s
4089,p,r,i,n,k
4090,a,m,e,n,s
4091,t,e,s,l,a
4092,i,n,t,r,o
4093,f,i,v,e,r
4094,f,r,u,m,p
4095,c,a,p,o,s
4096,o,p,i,n,e
4097,c,o,d,e,r
4098,n,a,m,e,r
4099,j,o,w,l,y
4100,p,u,k,e,s
4101,h,a,l,e,d
4102,c,h,a,r,d
4103,d,u,f,f,s
4104,b,r,u,i,n
4105,r,e,u,s,e
4106,w,h,a,n,g
4107,t,o,o,n,s
4108,f,r,a,t,s
4109,s,i,l,t,y
4110,t,e,l,e,x
4111,c,u,t,u,p
4112,n,i,s,e,i
4113,n,e,a,t,o
4114,d,e,c,a,f
4115,s,o,f,t,y
4116,b,i,m,b,o
4117,a,d,l,i,b
4118,l,o,o,n,y
4119,s,h,o,e,d
4120,a,g,u,e,s
4121,p,e,e,v,e
4122,n,o,w,a,y
4123,g,a,m,e,y
4124,s,a,r,g,e
4125,r,e,r,a,n
4126,e,p,a,c,t
4127,p,o,t,t,y
4128,c,o,n,e,d
4129,u,p,e,n,d
4130,n,a,r,c,o
4131,i,k,a,t,s
4132,w,h,o,r,l
4133,j,i,n,k,s
4134,t,i,z,z,y
4135,w,e,e,p,y
4136,p,o,s,i,t
4137,m,a,r,g,e
4138,v,e,g,a,n
4139,c,l,o,p,s
4140,n,u,m,b,s
4141,r,e,e,k,s
4142,r,u,b,e,s
4143,r,o,w,e,r
4144,b,i,p,e,d
4145,t,i,f,f,s
4146,h,o,c,u,s
4147,h,a,m,m,y
4148,b,u,n,c,o
4149,f,i,x,i,t
4150,t,y,k,e,s
4151,c,h,a,w,s
4152,y,u,c,k,y
4153,h,o,k,e,y
4154,r,e,s,e,w
4155,m,a,v,e,n
4156,a,d,m,a,n
4157,s,c,u,z,z
4158,s,l,o,g,s
4159,s,o,u,s,e
4160,n,a,c,h,o
4161,m,i,m,e,d
4162,m,e,l,d,s
4163,b,o,f,f,o
4164,d,e,b,i,t
4165,p,i,n,u,p
4166,v,a,g,u,s
4167,g,u,l,a,g
4168,r,a,n,d,y
4169,b,o,s,u,n
4170,e,d,u,c,e
4171,f,a,x,e,s
4172,a,u,r,a,s
4173,p,e,s,t,o
4174,a,n,t,s,y
4175,b,e,t,a,s
4176,f,i,z,z,y
4177,d,o,r,k,y
4178,s,n,i,t,s
4179,m,o,x,i,e
4180,t,h,a,n,e
4181,m,y,l,a,r
4182,n,o,b,b,y
4183,g,a,m,i,n
4184,g,o,u,t,y
4185,e,s,s,e,s
4186,g,o,y,i,m
4187,p,a,n,e,d
4188,d,r,u,i,d
4189,j,a,d,e,s
4190,r,e,h,a,b
4191,g,o,f,e,r
4192,t,z,a,r,s
4193,o,c,t,e,t
4194,h,o,m,e,d
4195,s,o,c,k,o
4196,d,o,r,k,s
4197,e,a,r,e,d
4198,a,n,t,e,d
4199,e,l,i,d,e
4200,f,a,z,e,s
4201,o,x,b,o,w
4202,d,o,w,s,e
4203,s,i,t,u,s
4204,m,a,c,a,w
4205,s,c,o,n,e
4206,d,r,i,l,y
4207,h,y,p,e,r
4208,s,a,l,s,a
4209,m,o,o,c,h
4210,g,a,t,e,d
4211,u,n,j,a,m
4212,l,i,p,i,d
4213,m,i,t,r,e
4214,v,e,n,a,l
4215,k,n,i,s,h
4216,r,i,t,z,y
4217,d,i,v,a,s
4218,t,o,r,u,s
4219,m,a,n,g,e
4220,d,i,m,e,r
4221,r,e,c,u,t
4222,m,e,s,o,n
4223,w,i,n,e,d
4224,f,e,n,d,s
4225,p,h,a,g,e
4226,f,i,a,t,s
4227,c,a,u,l,k
4228,c,a,v,i,l
4229,p,a,n,t,y
4230,r,o,a,n,s
4231,b,i,l,k,s
4232,h,o,n,e,s
4233,b,o,t,c,h
4234,e,s,t,o,p
4235,s,u,l,l,y
4236,s,o,o,t,h
4237,g,e,l,d,s
4238,a,h,o,l,d
4239,r,a,p,e,r
4240,p,a,g,e,r
4241,f,i,x,e,r
4242,i,n,f,i,x
4243,h,i,c,k,s
4244,t,u,x,e,s
4245,p,l,e,b,e
4246,t,w,i,t,s
4247,a,b,a,s,h
4248,t,w,i,x,t
4249,w,a,c,k,o
4250,p,r,i,m,p
4251,n,a,b,l,a
4252,g,i,r,t,s
4253,m,i,f,f,s
4254,e,m,o,t,e
4255,x,e,r,o,x
4256,r,e,b,i,d
4257,s,h,a,h,s
4258,r,u,t,t,y
4259,g,r,o,u,t
4260,g,r,i,f,t
4261,d,e,i,f,y
4262,b,i,d,d,y
4263,k,o,p,e,k
4264,s,e,m,i,s
4265,b,r,i,e,s
4266,a,c,m,e,s
4267,p,i,t,o,n
4268,h,u,s,s,y
4269,t,o,r,t,s
4270,d,i,s,c,o
4271,w,h,o,r,e
4272,b,o,o,z,y
4273,g,i,b,e,d
4274,v,a,m,p,s
4275,a,m,o,u,r
4276,s,o,p,p,y
4277,g,o,n,z,o
4278,d,u,r,s,t
4279,w,a,d,e,r
4280,t,u,t,u,s
4281,p,e,r,m,s
4282,c,a,t,t,y
4283,g,l,i,t,z
4284,b,r,i,g,s
4285,n,e,r,d,s
4286,b,a,r,m,y
4287,g,i,z,m,o
4288,o,w,l,e,t
4289,s,a,y,e,r
4290,m,o,l,l,s
4291,s,h,a,r,d
4292,w,h,o,p,s
4293,c,o,m,p,s
4294,c,o,r,e,r
4295,c,o,l,a,s
4296,m,a,t,t,e
4297,d,r,o,i,d
4298,p,l,o,y,s
4299,v,a,p,i,d
4300,c,a,i,r,n
4301,d,e,i,s,m
4302,m,i,x,u,p
4303,y,i,k,e,s
4304,p,r,o,s,y
4305,r,a,k,e,r
4306,f,l,u,b,s
4307,w,h,i,s,h
4308,r,e,i,f,y
4309,c,r,a,p,s
4310,s,h,a,g,s
4311,c,l,o,n,e
4312,h,a,z,e,d
4313,m,a,c,h,o
4314,r,e,c,t,o
4315,r,e,f,i,x
4316,d,r,a,m,s
4317,b,i,k,e,r
4318,a,q,u,a,s
4319,p,o,r,k,y
4320,d,o,y,e,n
4321,e,x,u,d,e
4322,g,o,o,f,s
4323,d,i,v,v,y
4324,n,o,e,l,s
4325,j,i,v,e,d
4326,h,u,l,k,y
4327,c,a,g,e,r
4328,h,a,r,p,y
4329,o,l,d,i,e
4330,v,i,v,a,s
4331,a,d,m,i,x
4332,c,o,d,a,s
4333,z,i,l,c,h
4334,d,e,i,s,t
4335,o,r,c,a,s
4336,r,e,t,r,o
4337,p,i,l,a,f
4338,p,a,r,s,e
4339,r,a,n,t,s
4340,z,i,n,g,y
4341,t,o,d,d,y
4342,c,h,i,f,f
4343,m,i,c,r,o
4344,v,e,e,p,s
4345,g,i,r,l,y
4346,n,e,x,u,s
4347,d,e,m,o,s
4348,b,i,b,b,s
4349,a,n,t,e,s
4350,l,u,l,u,s
4351,g,n,a,r,l
4352,z,i,p,p,y
4353,i,v,i,e,d
4354,e,p,e,e,s
4355,w,i,m,p,s
4356,t,r,o,m,p
4357,g,r,a,i,l
4358,y,o,y,o,s
4359,p,o,u,f,s
4360,h,a,l,e,s
4361,r,o,u,s,t
4362,c,a,b,a,l
4363,r,a,w,e,r
4364,p,a,m,p,a
4365,m,o,s,e,y
4366,k,e,f,i,r
4367,b,u,r,g,s
4368,u,n,m,e,t
4369,c,u,s,p,y
4370,b,o,o,b,s
4371,b,o,o,n,s
4372,h,y,p,e,s
4373,d,y,n,e,s
4374,n,a,r,d,s
4375,l,a,n,a,i
4376,y,o,g,i,s
4377,s,e,p,a,l
4378,q,u,a,r,k
4379,t,o,k,e,d
4380,p,r,a,t,e
4381,a,y,i,n,s
4382,h,a,w,e,d
4383,s,w,i,g,s
4384,v,i,t,a,s
4385,t,o,k,e,r
4386,d,o,p,e,r
4387,b,o,s,s,a
4388,l,i,n,t,y
4389,f,o,i,s,t
4390,m,o,n,d,o
4391,s,t,a,s,h
4392,k,a,y,o,s
4393,t,w,e,r,p
4394,z,e,s,t,y
4395,c,a,p,o,n
4396,w,i,m,p,y
4397,r,e,w,e,d
4398,f,u,n,g,o
4399,t,a,r,o,t
4400,f,r,o,s,h
4401,k,a,b,o,b
4402,p,i,n,k,o
4403,r,e,d,i,d
4404,m,i,m,e,o
4405,h,e,i,s,t
4406,t,a,r,p,s
4407,l,a,m,a,s
4408,s,u,t,r,a
4409,d,i,n,a,r
4410,w,h,a,m,s
4411,b,u,s,t,y
4412,s,p,a,y,s
4413,m,a,m,b,o
4414,n,a,b,o,b
4415,p,r,e,p,s
4416,o,d,o,u,r
4417,c,a,b,b,y
4418,c,o,n,k,s
4419,s,l,u,f,f
4420,d,a,d,o,s
4421,h,o,u,r,i
4422,s,w,a,r,t
4423,b,a,l,m,s
4424,g,u,t,s,y
4425,f,a,x,e,d
4426,e,g,a,d,s
4427,p,u,s,h,y
4428,r,e,t,r,y
4429,a,g,o,r,a
4430,d,r,u,b,s
4431,d,a,f,f,y
4432,c,h,i,t,s
4433,m,u,f,t,i
4434,k,a,r,m,a
4435,l,o,t,t,o
4436,t,o,f,f,s
4437,b,u,r,p,s
4438,d,e,u,c,e
4439,z,i,n,g,s
4440,k,a,p,p,a
4441,c,l,a,d,s
4442,d,o,g,g,y
4443,d,u,p,e,r
4444,s,c,a,m,s
4445,o,g,l,e,r
4446,m,i,m,e,s
4447,t,h,r,o,e
4448,z,e,t,a,s
4449,w,a,l,e,d
4450,p,r,o,m,o
4451,b,l,a,t,s
4452,m,u,f,f,s
4453,o,i,n,k,s
4454,v,i,a,n,d
4455,c,o,s,e,t
4456,f,i,n,k,s
4457,f,a,d,d,y
4458,m,i,n,i,s
4459,s,n,a,f,u
4460,s,a,u,n,a
4461,u,s,u,r,y
4462,m,u,x,e,s
4463,c,r,a,w,s
4464,s,t,a,t,s
4465,c,o,n,d,o
4466,c,o,x,e,s
4467,l,o,o,p,y
4468,d,o,r,m,s
4469,a,s,c,o,t
4470,d,i,p,p,y
4471,e,x,e,c,s
4472,d,o,p,e,y
4473,e,n,v,o,i
4474,u,m,p,t,y
4475,g,i,s,m,o
4476,f,a,z,e,d
4477,s,t,r,o,p
4478,j,i,v,e,s
4479,s,l,i,m,s
4480,b,a,t,i,k
4481,p,i,n,g,s
4482,s,o,n,l,y
4483,l,e,g,g,o
4484,p,e,k,o,e
4485,p,r,a,w,n
4486,l,u,a,u,s
4487,c,a,m,p,y
4488,o,o,d,l,e
4489,p,r,e,x,y
4490,p,r,o,m,s
4491,t,o,u,t,s
4492,o,g,l,e,s
4493,t,w,e,e,t
4494,t,o,a,d,y
4495,n,a,i,a,d
4496,h,i,d,e,r
4497,n,u,k,e,d
4498,f,a,t,s,o
4499,s,l,u,t,s
4500,o,b,i,t,s
4501,n,a,r,c,s
4502,t,y,r,o,s
4503,d,e,l,i,s
4504,w,o,o,e,r
4505,h,y,p,e,d
4506,p,o,s,e,t
4507,b,y,w,a,y
4508,t,e,x,a,s
4509,s,c,r,o,d
4510,a,v,o,w,s
4511,f,u,t,o,n
4512,t,o,r,t,e
4513,t,u,p,l,e
4514,c,a,r,o,m
4515,k,e,b,a,b
4516,t,a,m,p,s
4517,j,i,l,t,s
4518,d,u,a,l,s
4519,a,r,t,s,y
4520,r,e,p,r,o
4521,m,o,d,e,m
4522,t,o,p,e,d
4523,p,s,y,c,h
4524,s,i,c,k,o
4525,k,l,u,t,z
4526,t,a,r,n,s
4527,c,o,x,e,d
4528,d,r,a,y,s
4529,c,l,o,y,s
4530,a,n,d,e,d
4531,p,i,k,e,r
4532,a,i,m,e,r
4533,s,u,r,a,s
4534,l,i,m,o,s
4535,f,l,a,c,k
4536,h,a,p,a,x
4537,d,u,t,c,h
4538,m,u,c,k,y
4539,s,h,i,r,e
4540,k,l,i,e,g
4541,s,t,a,p,h
4542,l,a,y,u,p
4543,t,o,k,e,s
4544,a,x,i,n,g
4545,t,o,p,e,r
4546,d,u,v,e,t
4547,c,o,w,r,y
4548,p,r,o,f,s
4549,b,l,a,h,s
4550,a,d,d,l,e
4551,s,u,d,s,y
4552,b,a,t,t,y
4553,c,o,i,f,s
4554,s,u,e,t,y
4555,g,a,b,b,y
4556,h,a,f,t,a
4557,p,i,t,a,s
4558,g,o,u,d,a
4559,d,e,i,c,e
4560,t,a,u,p,e
4561,t,o,p,e,s
4562,d,u,c,h,y
4563,n,i,t,r,o
4564,c,a,r,n,y
4565,l,i,m,e,y
4566,o,r,a,l,s
4567,h,i,r,e,r
4568,t,a,x,e,r
4569,r,o,i,l,s
4570,r,u,b,l,e
4571,e,l,a,t,e
4572,d,o,l,o,r
4573,w,r,y,e,r
4574,s,n,o,t,s
4575,q,u,a,i,s
4576,c,o,k,e,d
4577,g,i,m,e,l
4578,g,o,r,s,e
4579,m,i,n,a,s
4580,g,o,e,s,t
4581,a,g,a,p,e
4582,m,a,n,t,a
4583,j,i,n,g,s
4584,i,l,i,a,c
4585,a,d,m,e,n
4586,o,f,f,e,n
4587,c,i,l,l,s
4588,o,f,f,a,l
4589,l,o,t,t,a
4590,b,o,l,a,s
4591,t,h,w,a,p
4592,a,l,w,a,y
4593,b,o,g,g,y
4594,d,o,n,n,a
4595,l,o,c,o,s
4596,b,e,l,a,y
4597,g,l,u,e,y
4598,b,i,t,s,y
4599,m,i,m,s,y
4600,h,i,l,a,r
4601,o,u,t,t,a
4602,v,r,o,o,m
4603,f,e,t,a,l
4604,r,a,t,h,s
4605,r,e,n,a,l
4606,d,y,a,d,s
4607,c,r,o,c,s
4608,v,i,r,e,s
4609,c,u,l,p,a
4610,k,i,v,a,s
4611,f,e,i,s,t
4612,t,e,a,t,s
4613,t,h,a,t,s
4614,y,a,w,l,s
4615,w,h,e,n,s
4616,a,b,a,c,a
4617,o,h,h,h,h
4618,a,p,h,i,s
4619,f,u,s,t,y
4620,e,c,l,a,t
4621,p,e,r,d,u
4622,m,a,y,s,t
4623,e,x,e,a,t
4624,m,o,l,l,y
4625,s,u,p,r,a
4626,w,e,t,l,y
4627,p,l,a,s,m
4628,b,u,f,f,a
4629,s,e,m,e,n
4630,p,u,k,k,a
4631,t,a,g,u,a
4632,p,a,r,a,s
4633,s,t,o,a,t
4634,s,e,c,c,o
4635,c,a,r,t,e
4636,h,a,u,t,e
4637,m,o,l,a,l
4638,s,h,a,d,s
4639,f,o,r,m,a
4640,o,v,o,i,d
4641,p,i,o,n,s
4642,m,o,d,u,s
4643,b,u,e,n,o
4644,r,h,e,u,m
4645,s,c,u,r,f
4646,p,a,r,e,r
4647,e,p,h,a,h
4648,d,o,e,s,t
4649,s,p,r,u,e
4650,f,l,a,m,s
4651,m,o,l,t,o
4652,d,i,e,t,h
4653,c,h,o,o,s
4654,m,i,k,e,d
4655,b,r,o,n,x
4656,g,o,o,p,y
4657,b,a,l,l,y
4658,p,l,u,m,y
4659,m,o,o,n,y
4660,m,o,r,t,s
4661,y,o,u,r,n
4662,b,i,p,o,d
4663,s,p,u,m,e
4664,a,l,g,a,l
4665,a,m,b,i,t
4666,m,u,c,h,o
4667,s,p,u,e,d
4668,d,o,z,e,r
4669,h,a,r,u,m
4670,g,r,o,a,t
4671,s,k,i,n,t
4672,l,a,u,d,e
4673,t,h,r,u,m
4674,p,a,p,p,y
4675,o,n,c,e,t
4676,r,i,m,e,d
4677,g,i,g,u,e
4678,l,i,m,e,d
4679,p,l,e,i,n
4680,r,e,d,l,y
4681,h,u,m,p,f
4682,l,i,t,e,s
4683,s,e,e,s,t
4684,g,r,e,b,e
4685,a,b,s,i,t
4686,t,h,a,n,x
4687,p,s,h,a,w
4688,y,a,w,p,s
4689,p,l,a,t,s
4690,p,a,y,e,d
4691,a,r,e,a,l
4692,t,i,l,t,h
4693,y,o,u,s,e
4694,g,w,i,n,e
4695,t,h,e,e,s
4696,w,a,t,s,a
4697,l,e,n,t,o
4698,s,p,i,t,z
4699,y,a,w,e,d
4700,g,i,p,s,y
4701,s,p,r,a,t
4702,c,o,r,n,u
4703,a,m,a,h,s
4704,b,l,o,w,y
4705,w,a,h,o,o
4706,l,u,b,r,a
4707,m,e,c,u,m
4708,w,h,o,o,o
4709,c,o,q,u,i
4710,s,a,b,r,a
4711,e,d,e,m,a
4712,m,r,a,d,s
4713,d,i,c,o,t
4714,a,s,t,r,o
4715,k,i,t,e,d
4716,o,u,z,e,l
4717,d,i,d,o,s
4718,g,r,a,t,a
4719,b,o,n,n,e
4720,a,x,m,e,n
4721,k,l,u,n,k
4722,s,u,m,m,a
4723,l,a,v,e,s
4724,p,u,r,l,s
4725,y,a,w,n,y
4726,t,e,a,r,y
4727,m,a,s,s,e
4728,l,a,r,g,o
4729,b,a,z,a,r
4730,p,s,s,s,t
4731,s,y,l,p,h
4732,l,u,l,a,b
4733,t,o,q,u,e
4734,f,u,g,i,t
4735,p,l,u,n,k
4736,o,r,t,h,o
4737,l,u,c,r,e
4738,c,o,o,c,h
4739,w,h,i,p,t
4740,f,o,l,k,y
4741,t,y,r,e,s
4742,w,h,e,e,e
4743,c,o,r,k,y
4744,i,n,j,u,n
4745,s,o,l,o,n
4746,d,i,d,o,t
4747,k,e,r,f,s
4748,r,a,y,e,d
4749,w,a,s,s,a
4750,c,h,i,l,e
4751,b,e,g,a,t
4752,n,i,p,p,y
4753,l,i,t,r,e
4754,m,a,g,n,a
4755,r,e,b,o,x
4756,h,y,d,r,o
4757,m,i,l,c,h
4758,b,r,e,n,t
4759,g,y,v,e,s
4760,l,a,z,e,d
4761,f,e,u,e,d
4762,m,a,v,i,s
4763,i,n,a,p,t
4764,b,a,u,l,k
4765,c,a,s,u,s
4766,s,c,r,u,m
4767,w,i,s,e,d
4768,f,o,s,s,a
4769,d,o,w,e,r
4770,k,y,r,i,e
4771,b,h,o,y,s
4772,s,c,u,s,e
4773,f,e,u,a,r
4774,o,h,m,i,c
4775,j,u,s,t,e
4776,u,k,a,s,e
4777,b,e,a,u,x
4778,t,u,s,k,y
4779,o,r,a,t,e
4780,m,u,s,t,a
4781,l,a,r,d,y
4782,i,n,t,r,a
4783,q,u,i,f,f
4784,e,p,s,o,m
4785,n,e,a,t,h
4786,o,c,h,e,r
4787,t,a,r,e,d
4788,h,o,m,m,e
4789,m,e,z,z,o
4790,c,o,r,m,s
4791,p,s,o,a,s
4792,b,e,a,k,y
4793,t,e,r,r,y
4794,i,n,f,r,a
4795,s,p,i,v,s
4796,t,u,a,n,s
4797,b,e,l,l,i
4798,b,e,r,g,s
4799,a,n,i,m,a
4800,w,e,i,r,s
4801,m,a,h,u,a
4802,s,c,o,p,s
4803,m,a,n,s,e
4804,t,i,t,r,e
4805,c,u,r,i,a
4806,k,e,b,o,b
4807,c,y,c,a,d
4808,t,a,l,k,y
4809,f,u,c,k,s
4810,t,a,p,i,s
4811,a,m,i,d,e
4812,d,o,l,c,e
4813,s,l,o,e,s
4814,j,a,k,e,s
4815,r,u,s,s,e
4816,b,l,a,s,h
4817,t,u,t,t,i
4818,p,r,u,t,a
4819,p,a,n,g,a
4820,b,l,e,b,s
4821,t,e,n,c,h
4822,s,w,a,r,f
4823,h,e,r,e,m
4824,m,i,s,s,y
4825,m,e,r,s,e
4826,p,a,w,k,y
4827,l,i,m,e,n
4828,v,i,v,r,e
4829,c,h,e,r,t
4830,u,n,s,e,e
4831,t,i,r,o,s
4832,b,r,a,c,k
4833,f,o,o,t,s
4834,w,e,l,s,h
4835,f,o,s,s,e
4836,k,n,o,p,s
4837,i,l,e,u,m
4838,n,o,i,r,e
4839,f,i,r,m,a
4840,p,o,d,g,y
4841,l,a,i,r,d
4842,t,h,u,n,k
4843,s,h,u,t,e
4844,r,o,w,a,n
4845,s,h,o,j,i
4846,p,o,e,s,y
4847,u,n,c,a,p
4848,f,a,m,e,s
4849,g,l,e,e,s
4850,c,o,s,t,a
4851,t,u,r,p,s
4852,f,o,r,e,s
4853,s,o,l,u,m
4854,i,m,a,g,o
4855,b,y,r,e,s
4856,f,o,n,d,u
4857,c,o,n,e,y
4858,p,o,l,i,s
4859,d,i,c,t,u
4860,k,r,a,a,l
4861,s,h,e,r,d
4862,m,u,m,b,o
4863,w,r,o,t,h
4864,c,h,a,r,s
4865,u,n,b,o,x
4866,v,a,c,u,o
4867,s,l,u,e,d
4868,w,e,e,s,t
4869,h,a,d,e,s
4870,w,i,l,e,d
4871,s,y,n,c,s
4872,m,u,s,e,r
4873,e,x,c,o,n
4874,h,o,a,r,s
4875,s,i,b,y,l
4876,p,a,s,s,e
4877,j,o,e,y,s
4878,l,o,t,s,a
4879,l,e,p,t,a
4880,s,h,a,y,s
4881,b,o,c,k,s
4882,e,n,d,u,e
4883,d,a,r,e,r
4884,n,o,n,e,s
4885,i,l,e,u,s
4886,p,l,a,s,h
4887,b,u,s,b,y
4888,w,h,e,a,l
4889,b,u,f,f,o
4890,y,o,b,b,o
4891,b,i,l,e,s
4892,p,o,x,e,s
4893,r,o,o,t,y
4894,l,i,c,i,t
4895,t,e,r,c,e
4896,b,r,o,m,o
4897,h,a,y,e,y
4898,d,w,e,e,b
4899,i,m,b,e,d
4900,s,a,r,a,n
4901,b,r,u,i,t
4902,p,u,n,k,y
4903,s,o,f,t,s
4904,b,i,f,f,s
4905,l,o,p,p,y
4906,a,g,a,r,s
4907,a,q,u,a,e
4908,l,i,v,r,e
4909,b,i,o,m,e
4910,b,u,n,d,s
4911,s,h,e,w,s
4912,d,i,e,m,s
4913,g,i,n,n,y
4914,d,e,g,u,m
4915,p,o,l,o,s
4916,d,e,s,e,x
4917,u,n,m,a,n
4918,d,u,n,g,y
4919,v,i,t,a,m
4920,w,e,d,g,y
4921,g,l,e,b,e
4922,a,p,e,r,s
4923,r,i,d,g,y
4924,r,o,i,d,s
4925,w,i,f,e,y
4926,v,a,p,e,s
4927,w,h,o,a,s
4928,b,u,n,k,o
4929,y,o,l,k,y
4930,u,l,n,a,s
4931,r,e,e,k,y
4932,b,o,d,g,e
4933,b,r,a,n,t
4934,d,a,v,i,t
4935,d,e,q,u,e
4936,l,i,k,e,r
4937,j,e,n,n,y
4938,t,a,c,t,s
4939,f,u,l,l,s
4940,t,r,e,a,p
4941,l,i,g,n,e
4942,a,c,k,e,d
4943,r,e,f,r,y
4944,v,o,w,e,r
4945,a,a,r,g,h
4946,c,h,u,r,l
4947,m,o,m,m,a
4948,g,a,o,l,s
4949,w,h,u,m,p
4950,a,r,r,a,s
4951,m,a,r,l,s
4952,t,i,l,e,r
4953,g,r,o,g,s
4954,m,e,m,e,s
4955,m,i,d,i,s
4956,t,i,d,e,d
4957,h,a,l,e,r
4958,d,u,c,e,s
4959,t,w,i,n,y
4960,p,o,s,t,e
4961,u,n,r,i,g
4962,p,r,i,s,e
4963,d,r,a,b,s
4964,q,u,i,d,s
4965,f,a,c,e,r
4966,s,p,i,e,r
4967,b,a,r,i,c
4968,g,e,o,i,d
4969,r,e,m,a,p
4970,t,r,i,e,r
4971,g,u,n,k,s
4972,s,t,e,n,o
4973,s,t,o,m,a
4974,a,i,r,e,r
4975,o,v,a,t,e
4976,t,o,r,a,h
4977,a,p,i,a,n
4978,s,m,u,t,s
4979,p,o,c,k,s
4980,y,u,r,t,s
4981,e,x,u,r,b
4982,d,e,f,o,g
4983,n,u,d,e,r
4984,b,o,s,k,y
4985,n,i,m,b,i
4986,m,o,t,h,y
4987,j,o,y,e,d
4988,l,a,b,i,a
4989,p,a,r,d,s
4990,j,a,m,m,y
4991,b,i,g,l,y
4992,f,a,x,e,r
4993,h,o,p,p,y
4994,n,u,r,b,s
4995,c,o,t,e,s
4996,d,i,s,h,y
4997,v,i,s,e,d
4998,c,e,l,e,b
4999,p,i,s,m,o
5000,c,a,s,a,s
5001,w,i,t,h,s
5002,d,o,d,g,y
5003,s,c,u,d,i
5004,m,u,n,g,s
5005,m,u,o,n,s
5006,u,r,e,a,s
5007,i,o,c,t,l
5008,u,n,h,i,p
5009,k,r,o,n,e
5010,s,a,g,e,r
5011,v,e,r,s,t
5012,e,x,p,a,t
5013,g,r,o,n,k
5014,u,v,u,l,a
5015,s,h,a,w,m
5016,b,i,l,g,y
5017,b,r,a,e,s
5018,c,e,n,t,o
5019,w,e,b,b,y
5020,l,i,p,p,y
5021,g,a,m,i,c
5022,l,o,r,d,y
5023,m,a,z,e,d
5024,t,i,n,g,s
5025,s,h,o,a,t
5026,f,a,e,r,y
5027,w,i,r,e,r
5028,d,i,a,z,o
5029,c,a,r,e,r
5030,r,a,t,e,r
5031,g,r,e,p,s
5032,r,e,n,t,e
5033,z,l,o,t,y
5034,v,i,e,r,s
5035,u,n,a,p,t
5036,p,o,o,p,s
5037,f,e,c,a,l
5038,k,e,p,i,s
5039,t,a,x,o,n
5040,e,y,e,r,s
5041,w,o,n,t,s
5042,s,p,i,n,a
5043,s,t,o,a,e
5044,y,e,n,t,a
5045,p,o,o,e,y
5046,b,u,r,e,t
5047,j,a,p,a,n
5048,b,e,d,e,w
5049,h,a,f,t,s
5050,s,e,l,f,s
5051,o,a,r,e,d
5052,h,e,r,b,y
5053,p,r,y,e,r
5054,o,a,k,u,m
5055,d,i,n,k,s
5056,t,i,t,t,y
5057,s,e,p,o,y
5058,p,e,n,e,s
5059,f,u,s,e,e
5060,w,i,n,e,y
5061,g,i,m,p,s
5062,n,i,h,i,l
5063,r,i,l,l,e
5064,g,i,b,e,r
5065,o,u,s,e,l
5066,u,m,i,a,k
5067,c,u,p,p,y
5068,h,a,m,e,s
5069,s,h,i,t,s
5070,a,z,i,n,e
5071,g,l,a,d,s
5072,t,a,c,e,t
5073,b,u,m,p,h
5074,c,o,y,e,r
5075,h,o,n,k,y
5076,g,a,m,e,r
5077,g,o,o,k,y
5078,w,a,s,p,y
5079,s,e,d,g,y
5080,b,e,n,t,s
5081,v,a,r,i,a
5082,d,j,i,n,n
5083,j,u,n,c,o
5084,p,u,b,i,c
5085,w,i,l,c,o
5086,l,a,z,e,s
5087,i,d,y,l,s
5088,l,u,p,u,s
5089,r,i,v,e,s
5090,s,n,o,o,d
5091,s,c,h,m,o
5092,s,p,a,z,z
5093,f,i,n,i,s
5094,n,o,t,e,r
5095,p,a,v,a,n
5096,o,r,b,e,d
5097,b,a,t,e,s
5098,p,i,p,e,t
5099,b,a,d,d,y
5100,g,o,e,r,s
5101,s,h,a,k,o
5102,s,t,e,t,s
5103,s,e,b,u,m
5104,s,e,e,t,h
5105,l,o,b,a,r
5106,r,a,v,e,r
5107,a,j,u,g,a
5108,r,i,c,e,d
5109,v,e,l,d,s
5110,d,r,i,b,s
5111,v,i,l,l,e
5112,d,h,o,w,s
5113,u,n,s,e,w
5114,h,a,l,m,a
5115,k,r,o,n,a
5116,l,i,m,b,y
5117,j,i,f,f,s
5118,t,r,e,y,s
5119,b,a,u,d,s
5120,p,f,f,f,t
5121,m,i,m,e,r
5122,p,l,e,b,s
5123,c,a,n,e,r
5124,j,i,b,e,r
5125,c,u,p,p,a
5126,w,a,s,h,y
5127,c,h,u,f,f
5128,u,n,a,r,m
5129,y,u,k,k,y
5130,s,t,y,e,s
5131,w,a,k,e,r
5132,f,l,a,k,s
5133,m,a,c,e,s
5134,r,i,m,e,s
5135,g,i,m,p,y
5136,g,u,a,n,o
5137,l,i,r,a,s
5138,k,a,p,o,k
5139,s,c,u,d,s
5140,b,w,a,n,a
5141,o,r,i,n,g
5142,a,i,d,e,r
5143,p,r,i,e,r
5144,k,l,u,g,y
5145,m,o,n,t,e
5146,g,o,l,e,m
5147,v,e,l,a,r
5148,f,i,r,e,r
5149,p,i,e,t,a
5150,u,m,b,e,l
5151,c,a,m,p,o
5152,u,n,p,e,g
5153,f,o,v,e,a
5154,a,b,e,a,m
5155,b,o,s,o,n
5156,a,s,k,e,r
5157,g,o,t,h,s
5158,v,o,c,a,b
5159,v,i,n,e,d
5160,t,r,o,w,s
5161,t,i,k,i,s
5162,l,o,p,e,r
5163,i,n,d,i,e
5164,b,o,f,f,s
5165,s,p,a,n,g
5166,g,r,a,p,y
5167,t,a,t,e,r
5168,i,c,h,o,r
5169,k,i,l,t,y
5170,l,o,c,h,s
5171,s,u,p,e,s
5172,d,e,g,a,s
5173,f,l,i,c,s
5174,t,o,r,s,i
5175,b,e,t,h,s
5176,w,e,b,e,r
5177,r,e,s,a,w
5178,l,a,w,n,y
5179,c,o,v,e,n
5180,m,u,j,i,k
5181,r,e,l,e,t
5182,t,h,e,r,m
5183,h,e,i,g,h
5184,s,h,n,o,r
5185,t,r,u,e,d
5186,z,a,y,i,n
5187,l,i,e,s,t
5188,b,a,r,f,s
5189,b,a,s,s,i
5190,q,o,p,h,s
5191,r,o,i,l,y
5192,f,l,a,b,s
5193,p,u,n,n,y
5194,o,k,r,a,s
5195,h,a,n,k,s
5196,d,i,p,s,o
5197,n,e,r,f,s
5198,f,a,u,n,s
5199,c,a,l,l,a
5200,p,s,e,u,d
5201,l,u,r,e,r
5202,m,a,g,u,s
5203,o,b,e,a,h
5204,a,t,r,i,a
5205,t,w,i,n,k
5206,p,a,l,m,y
5207,p,o,c,k,y
5208,p,e,n,d,s
5209,r,e,c,t,a
5210,p,l,o,n,k
5211,s,l,a,w,s
5212,k,e,e,n,s
5213,n,i,c,a,d
5214,p,o,n,e,s
5215,i,n,k,e,r
5216,w,h,e,w,s
5217,g,r,o,k,s
5218,m,o,s,t,s
5219,t,r,e,w,s
5220,u,l,n,a,r
5221,g,y,p,p,y
5222,c,o,c,a,s
5223,e,x,p,o,s
5224,e,r,u,c,t
5225,o,i,l,e,r
5226,v,a,c,u,a
5227,d,r,e,c,k
5228,d,a,t,e,r
5229,a,r,u,m,s
5230,t,u,b,a,l
5231,v,o,x,e,l
5232,d,i,x,i,t
5233,b,e,e,r,y
5234,a,s,s,a,i
5235,l,a,d,e,s
5236,a,c,t,i,n
5237,g,h,o,t,i
5238,b,u,z,z,y
5239,m,e,a,d,s
5240,g,r,o,d,y
5241,r,i,b,b,y
5242,c,l,e,w,s
5243,c,r,e,m,e
5244,e,m,a,i,l
5245,p,y,x,i,e
5246,k,u,l,a,k
5247,b,o,c,c,i
5248,r,i,v,e,d
5249,d,u,d,d,y
5250,h,o,p,e,r
5251,l,a,p,i,n
5252,w,o,n,k,s
5253,p,e,t,r,i
5254,p,h,i,a,l
5255,f,u,g,a,l
5256,h,o,l,o,n
5257,b,o,o,m,y
5258,d,u,o,m,o
5259,m,u,s,o,s
5260,s,h,i,e,r
5261,h,a,y,e,r
5262,p,o,r,g,y
5263,h,i,v,e,d
5264,l,i,t,h,o
5265,f,i,s,t,y
5266,s,t,a,g,y
5267,l,u,v,y,a
5268,m,a,r,i,a
5269,s,m,o,g,s
5270,a,s,a,n,a
5271,y,o,g,i,c
5272,s,l,o,m,o
5273,f,a,w,n,y
5274,a,m,i,n,e
5275,w,e,f,t,s
5276,g,o,n,a,d
5277,t,w,i,r,p
5278,b,r,a,v,a
5279,p,l,y,e,r
5280,f,e,r,m,i
5281,l,o,g,e,s
5282,n,i,t,e,r
5283,r,e,v,e,t
5284,u,n,a,t,e
5285,g,y,v,e,d
5286,t,o,t,t,y
5287,z,a,p,p,y
5288,h,o,n,e,r
5289,g,i,r,o,s
5290,d,i,c,e,r
5291,c,a,l,k,s
5292,l,u,x,e,s
5293,m,o,n,a,d
5294,c,r,u,f,t
5295,q,u,o,i,n
5296,f,u,m,e,r
5297,a,m,p,e,d
5298,s,h,l,e,p
5299,v,i,n,c,a
5300,y,a,h,o,o
5301,v,u,l,v,a
5302,z,o,o,e,y
5303,d,r,y,a,d
5304,n,i,x,i,e
5305,m,o,p,e,r
5306,i,a,m,b,s
5307,l,u,n,e,s
5308,n,u,d,i,e
5309,l,i,m,n,s
5310,w,e,a,l,s
5311,n,o,h,o,w
5312,m,i,a,o,w
5313,g,o,u,t,s
5314,m,y,n,a,s
5315,m,a,z,e,r
5316,k,i,k,e,s
5317,o,x,e,y,e
5318,s,t,o,u,p
5319,j,u,j,u,s
5320,d,e,b,a,r
5321,p,u,b,e,s
5322,t,a,e,l,s
5323,d,e,f,u,n
5324,r,a,n,d,s
5325,b,l,e,a,r
5326,p,a,v,e,r
5327,g,o,o,s,y
5328,s,p,r,o,g
5329,o,l,e,o,s
5330,t,o,f,f,y
5331,p,a,w,e,r
5332,m,a,c,e,d
5333,c,r,i,t,s
5334,k,l,u,g,e
5335,t,u,b,e,d
5336,s,a,h,i,b
5337,g,a,n,e,f
5338,s,c,a,t,s
5339,s,p,u,t,a
5340,v,a,n,e,d
5341,a,c,n,e,d
5342,t,a,x,o,l
5343,p,l,i,n,k
5344,o,w,e,t,h
5345,t,r,i,b,s
5346,r,e,s,a,y
5347,b,o,u,l,e
5348,t,h,o,u,s
5349,h,a,p,l,y
5350,g,l,a,n,s
5351,m,a,x,i,s
5352,b,e,z,e,l
5353,a,n,t,i,s
5354,p,o,r,k,s
5355,q,u,o,i,t
5356,a,l,k,y,d
5357,g,l,a,r,y
5358,b,e,a,m,y
5359,h,e,x,a,d
5360,b,o,n,k,s
5361,t,e,c,u,m
5362,k,e,r,b,s
5363,f,i,l,a,r
5364,f,r,i,e,r
5365,r,e,d,u,x
5366,a,b,u,z,z
5367,f,a,d,e,r
5368,s,h,o,e,r
5369,c,o,u,t,h
5370,t,r,u,e,s
5371,g,u,y,e,d
5372,g,o,o,n,y
5373,b,o,o,k,y
5374,f,u,z,e,s
5375,h,u,r,l,y
5376,g,e,n,e,t
5377,h,o,d,a,d
5378,c,a,l,i,x
5379,f,i,l,e,r
5380,p,a,w,l,s
5381,i,o,d,i,c
5382,u,t,e,r,o
5383,h,e,n,g,e
5384,u,n,s,a,y
5385,l,i,e,r,s
5386,p,i,i,n,g
5387,w,e,a,l,d
5388,s,e,x,e,d
5389,f,o,l,i,c
5390,p,o,x,e,d
5391,c,u,n,t,s
5392,a,n,i,l,e
5393,k,i,t,h,s
5394,b,e,c,k,s
5395,t,a,t,t,y
5396,p,l,e,n,a
5397,r,e,b,a,r
5398,a,b,l,e,d
5399,t,o,y,e,r
5400,a,t,t,a,r
5401,t,e,a,k,s
5402,a,i,o,l,i
5403,a,w,i,n,g
5404,a,n,e,n,t
5405,f,e,c,e,s
5406,r,e,d,i,p
5407,w,i,s,t,s
5408,p,r,a,t,s
5409,m,e,s,n,e
5410,m,u,t,e,r
5411,s,m,u,r,f
5412,o,w,e,s,t
5413,b,a,h,t,s
5414,l,o,s,s,y
5415,f,t,p,e,d
5416,h,u,n,k,y
5417,h,o,e,r,s
5418,s,l,i,e,r
5419,s,i,c,k,s
5420,f,a,t,l,y
5421,d,e,l,f,t
5422,h,i,v,e,r
5423,h,i,m,b,o
5424,p,e,n,g,o
5425,b,u,s,k,s
5426,l,o,x,e,s
5427,z,o,n,k,s
5428,i,l,i,u,m
5429,a,p,o,r,t
5430,i,k,o,n,s
5431,m,u,l,c,t
5432,r,e,e,v,e
5433,c,i,v,v,y
5434,c,a,n,n,a
5435,b,a,r,f,y
5436,k,a,i,a,k
5437,s,c,u,d,o
5438,k,n,o,u,t
5439,g,a,p,e,r
5440,b,h,a,n,g
5441,p,e,a,s,e
5442,u,t,e,r,i
5443,l,a,s,e,s
5444,p,a,t,e,n
5445,r,a,s,a,e
5446,a,x,e,l,s
5447,s,t,o,a,s
5448,o,m,b,r,e
5449,s,t,y,l,i
5450,g,u,n,k,y
5451,h,a,z,e,r
5452,k,e,n,a,f
5453,a,h,o,y,s
5454,a,m,m,o,s
5455,w,e,e,n,y
5456,u,r,g,e,r
5457,k,u,d,z,u
5458,p,a,r,e,n
5459,b,o,l,o,s
5460,f,e,t,o,r
5461,n,i,t,t,y
5462,t,e,c,h,y
5463,l,i,e,t,h
5464,s,o,m,a,s
5465,d,a,r,k,y
5466,v,i,l,l,i
5467,g,l,u,o,n
5468,j,a,n,e,s
5469,c,a,n,t,s
5470,f,a,r,t,s
5471,s,o,c,l,e
5472,j,i,n,n,s
5473,r,u,i,n,g
5474,s,l,i,l,y
5475,r,i,c,e,r
5476,h,a,d,d,a
5477,w,o,w,e,e
5478,r,i,c,e,s
5479,n,e,r,t,s
5480,c,a,u,l,s
5481,s,w,i,v,e
5482,l,i,l,t,y
5483,m,i,c,k,s
5484,a,r,i,t,y
5485,p,a,s,h,a
5486,f,i,n,i,f
5487,o,i,n,k,y
5488,g,u,t,t,y
5489,t,e,t,r,a
5490,w,i,s,e,s
5491,w,o,l,d,s
5492,b,a,l,d,s
5493,p,i,c,o,t
5494,w,h,a,t,s
5495,s,h,i,k,i
5496,b,u,n,g,s
5497,s,n,a,r,f
5498,l,e,g,o,s
5499,d,u,n,g,s
5500,s,t,o,g,y
5501,b,e,r,m,s
5502,t,a,n,g,s
5503,v,a,i,l,s
5504,r,o,o,d,s
5505,m,o,r,e,l
5506,s,w,a,r,e
5507,e,l,a,n,s
5508,l,a,t,u,s
5509,g,u,l,e,s
5510,r,a,z,e,r
5511,d,o,x,i,e
5512,b,u,e,n,a
5513,o,v,e,r,s
5514,g,u,t,t,a
5515,z,i,n,c,s
5516,n,a,t,e,s
5517,k,i,r,k,s
5518,t,i,k,e,s
5519,d,o,n,e,e
5520,j,e,r,r,y
5521,m,o,h,e,l
5522,c,e,d,e,r
5523,d,o,g,e,s
5524,u,n,m,a,p
5525,f,o,l,i,a
5526,r,a,w,l,y
5527,s,n,a,r,k
5528,t,o,p,o,i
5529,c,e,i,l,s
5530,i,m,m,i,x
5531,y,o,r,e,s
5532,d,i,e,s,t
5533,b,u,b,b,a
5534,p,o,m,p,s
5535,f,o,r,k,y
5536,t,u,r,d,y
5537,l,a,w,z,y
5538,p,o,o,h,s
5539,w,o,r,t,s
5540,g,l,o,m,s
5541,b,e,a,n,o
5542,m,u,l,e,y
5543,b,a,r,k,y
5544,t,u,n,n,y
5545,a,u,r,i,c
5546,f,u,n,k,s
5547,g,a,f,f,s
5548,c,o,r,d,y
5549,c,u,r,d,y
5550,l,i,s,l,e
5551,t,o,r,i,c
5552,s,o,y,a,s
5553,r,e,m,a,n
5554,m,u,n,g,y
5555,c,a,r,p,y
5556,a,p,i,s,h
5557,o,a,t,e,n
5558,g,a,p,p,y
5559,a,u,r,a,e
5560,b,r,a,c,t
5561,r,o,o,k,y
5562,a,x,l,e,d
5563,b,u,r,r,y
5564,s,i,z,e,r
5565,p,r,o,e,m
5566,t,u,r,f,y
5567,i,m,p,r,o
5568,m,a,s,h,y
5569,m,i,e,n,s
5570,n,o,n,n,y
5571,o,l,i,o,s
5572,g,r,o,o,k
5573,s,a,t,e,s
5574,a,g,l,e,y
5575,c,o,r,g,i
5576,d,a,s,h,y
5577,d,o,s,e,r
5578,d,i,l,d,o
5579,a,p,s,o,s
5580,x,o,r,e,d
5581,l,a,k,e,r
5582,p,l,a,y,a
5583,s,e,l,a,h
5584,m,a,l,t,y
5585,d,u,l,s,e
5586,f,r,i,g,s
5587,d,e,m,i,t
5588,w,h,o,s,o
5589,r,i,a,l,s
5590,s,a,w,e,r
5591,s,p,i,c,s
5592,b,e,d,i,m
5593,s,n,u,g,s
5594,f,a,n,i,n
5595,a,z,o,i,c
5596,i,c,e,r,s
5597,s,u,e,r,s
5598,w,i,z,e,n
5599,k,o,i,n,e
5600,t,o,p,o,s
5601,s,h,i,r,r
5602,r,i,f,e,r
5603,f,e,r,a,l
5604,l,a,d,e,d
5605,l,a,s,e,d
5606,t,u,r,d,s
5607,s,w,e,d,e
5608,e,a,s,t,s
5609,c,o,z,e,n
5610,u,n,h,i,t
5611,p,a,l,l,y
5612,a,i,t,c,h
5613,s,e,d,u,m
5614,c,o,p,e,r
5615,r,u,c,h,e
5616,g,e,e,k,s
5617,s,w,a,g,s
5618,e,t,e,x,t
5619,a,l,g,i,n
5620,o,f,f,e,d
5621,n,i,n,j,a
5622,h,o,l,e,r
5623,d,o,t,e,r
5624,t,o,t,e,r
5625,b,e,s,o,t
5626,d,i,c,u,t
5627,m,a,c,e,r
5628,p,e,e,n,s
5629,p,e,w,i,t
5630,r,e,d,o,x
5631,p,o,l,e,r
5632,y,e,c,c,h
5633,f,l,u,k,y
5634,d,o,e,t,h
5635,t,w,a,t,s
5636,c,r,u,d,s
5637,b,e,b,u,g
5638,b,i,d,e,r
5639,s,t,e,l,e
5640,h,e,x,e,r
5641,w,e,s,t,s
5642,g,l,u,e,r
5643,p,i,l,a,u
5644,a,b,a,f,t
5645,w,h,e,l,m
5646,l,a,c,e,r
5647,i,n,o,d,e
5648,t,a,b,u,s
5649,g,a,t,o,r
5650,c,u,i,n,g
5651,r,e,f,l,y
5652,l,u,t,e,d
5653,c,u,k,e,s
5654,b,a,i,r,n
5655,b,i,g,h,t
5656,a,r,s,e,s
5657,c,r,u,m,p
5658,l,o,g,g,y
5659,b,l,i,n,i
5660,s,p,o,o,r
5661,t,o,y,o,n
5662,h,a,r,k,s
5663,w,a,z,o,o
5664,f,e,n,n,y
5665,n,a,v,e,s
5666,k,e,y,e,r
5667,t,u,f,a,s
5668,m,o,r,p,h
5669,r,a,j,a,s
5670,t,y,p,a,l
5671,s,p,i,f,f
5672,o,x,l,i,p
5673,u,n,b,a,n
5674,m,u,s,s,y
5675,f,i,n,n,y
5676,r,i,m,e,r
5677,l,o,g,i,n
5678,m,o,l,a,s
5679,c,i,r,r,i
5680,h,u,z,z,a
5681,a,g,o,n,e
5682,u,n,s,e,x
5683,u,n,w,o,n
5684,p,e,a,t,s
5685,t,o,i,l,e
5686,z,o,m,b,i
5687,d,e,w,e,d
5688,n,o,o,k,y
5689,a,l,k,y,l
5690,i,x,n,a,y
5691,d,o,v,e,y
5692,h,o,l,e,y
5693,c,u,b,e,r
5694,a,m,y,l,s
5695,p,o,d,i,a
5696,c,h,i,n,o
5697,a,p,n,e,a
5698,p,r,i,m,s
5699,l,y,c,r,a
5700,j,o,h,n,s
5701,p,r,i,m,o
5702,f,a,t,w,a
5703,e,g,g,e,r
5704,h,e,m,p,y
5705,s,n,o,o,k
5706,h,y,i,n,g
5707,f,u,z,e,d
5708,b,a,r,m,s
5709,c,r,i,n,k
5710,m,o,o,t,s
5711,y,e,r,b,a
5712,r,h,u,m,b
5713,u,n,a,r,c
5714,d,i,r,e,r
5715,m,u,n,g,e
5716,e,l,a,n,d
5717,n,a,r,e,s
5718,w,r,i,e,r
5719,n,o,d,d,y
5720,a,t,i,l,t
5721,j,u,k,e,s
5722,e,n,d,e,r
5723,t,h,e,n,s
5724,u,n,f,i,x
5725,d,o,g,g,o
5726,z,o,o,k,s
5727,d,i,d,d,y
5728,s,h,m,o,o
5729,b,r,u,s,k
5730,p,r,e,s,t
5731,c,u,r,e,r
5732,p,a,s,t,s
5733,k,e,l,p,y
5734,b,o,c,c,e
5735,k,i,c,k,y
5736,t,a,r,o,s
5737,l,i,n,g,s
5738,d,i,c,k,y
5739,n,e,r,d,y
5740,a,b,e,n,d
5741,s,t,e,l,a
5742,b,i,g,g,y
5743,l,a,v,e,d
5744,b,a,l,d,y
5745,p,u,b,i,s
5746,g,o,o,k,s
5747,w,o,n,k,y
5748,s,t,i,e,d
5749,h,y,p,o,s
5750,a,s,s,e,d
5751,s,p,u,m,y
5752,o,s,i,e,r
5753,r,o,b,l,e
5754,r,u,m,b,a
5755,b,i,f,f,y
5756,p,u,p,a,l
