0,1,2,3,4
w,h,i,c,h
t,h,e,r,e
t,h,e,i,r
a,b,o,u,t
w,o,u,l,d
t,h,e,s,e
o,t,h,e,r
w,o,r,d,s
c,o,u,l,d
w,r,i,t,e
f,i,r,s,t
w,a,t,e,r
a,f,t,e,r
w,h,e,r,e
r,i,g,h,t
t,h,i,n,k
t,h,r,e,e
y,e,a,r,s
p,l,a,c,e
s,o,u,n,d
g,r,e,a,t
a,g,a,i,n
s,t,i,l,l
e,v,e,r,y
s,m,a,l,l
f,o,u,n,d
t,h,o,s,e
n,e,v,e,r
u,n,d,e,r
m,i,g,h,t
w,h,i,l,e
h,o,u,s,e
w,o,r,l,d
b,e,l,o,w
a,s,k,e,d
g,o,i,n,g
l,a,r,g,e
u,n,t,i,l
a,l,o,n,g
s,h,a,l,l
b,e,i,n,g
o,f,t,e,n
e,a,r,t,h
b,e,g,a,n
s,i,n,c,e
s,t,u,d,y
n,i,g,h,t
l,i,g,h,t
a,b,o,v,e
p,a,p,e,r
p,a,r,t,s
y,o,u,n,g
s,t,o,r,y
p,o,i,n,t
t,i,m,e,s
h,e,a,r,d
w,h,o,l,e
w,h,i,t,e
g,i,v,e,n
m,e,a,n,s
m,u,s,i,c
m,i,l,e,s
t,h,i,n,g
t,o,d,a,y
l,a,t,e,r
u,s,i,n,g
m,o,n,e,y
l,i,n,e,s
o,r,d,e,r
g,r,o,u,p
a,m,o,n,g
l,e,a,r,n
k,n,o,w,n
s,p,a,c,e
t,a,b,l,e
e,a,r,l,y
t,r,e,e,s
s,h,o,r,t
h,a,n,d,s
s,t,a,t,e
b,l,a,c,k
s,h,o,w,n
s,t,o,o,d
f,r,o,n,t
v,o,i,c,e
k,i,n,d,s
m,a,k,e,s
c,o,m,e,s
c,l,o,s,e
p,o,w,e,r
l,i,v,e,d
v,o,w,e,l
t,a,k,e,n
b,u,i,l,t
h,e,a,r,t
r,e,a,d,y
q,u,i,t,e
c,l,a,s,s
b,r,i,n,g
r,o,u,n,d
h,o,r,s,e
s,h,o,w,s
p,i,e,c,e
g,r,e,e,n
s,t,a,n,d
b,i,r,d,s
s,t,a,r,t
r,i,v,e,r
t,r,i,e,d
l,e,a,s,t
f,i,e,l,d
w,h,o,s,e
g,i,r,l,s
l,e,a,v,e
a,d,d,e,d
c,o,l,o,r
t,h,i,r,d
h,o,u,r,s
m,o,v,e,d
p,l,a,n,t
d,o,i,n,g
n,a,m,e,s
f,o,r,m,s
h,e,a,v,y
i,d,e,a,s
c,r,i,e,d
c,h,e,c,k
f,l,o,o,r
b,e,g,i,n
w,o,m,a,n
a,l,o,n,e
p,l,a,n,e
s,p,e,l,l
w,a,t,c,h
c,a,r,r,y
w,r,o,t,e
c,l,e,a,r
n,a,m,e,d
b,o,o,k,s
c,h,i,l,d
g,l,a,s,s
h,u,m,a,n
t,a,k,e,s
p,a,r,t,y
b,u,i,l,d
s,e,e,m,s
b,l,o,o,d
s,i,d,e,s
s,e,v,e,n
m,o,u,t,h
s,o,l,v,e
n,o,r,t,h
v,a,l,u,e
d,e,a,t,h
m,a,y,b,e
h,a,p,p,y
t,e,l,l,s
g,i,v,e,s
l,o,o,k,s
s,h,a,p,e
l,i,v,e,s
s,t,e,p,s
a,r,e,a,s
s,e,n,s,e
s,p,e,a,k
f,o,r,c,e
o,c,e,a,n
s,p,e,e,d
w,o,m,e,n
m,e,t,a,l
s,o,u,t,h
g,r,a,s,s
s,c,a,l,e
c,e,l,l,s
l,o,w,e,r
s,l,e,e,p
w,r,o,n,g
p,a,g,e,s
s,h,i,p,s
n,e,e,d,s
r,o,c,k,s
e,i,g,h,t
m,a,j,o,r
l,e,v,e,l
t,o,t,a,l
a,h,e,a,d
r,e,a,c,h
s,t,a,r,s
s,t,o,r,e
s,i,g,h,t
t,e,r,m,s
c,a,t,c,h
w,o,r,k,s
b,o,a,r,d
c,o,v,e,r
s,o,n,g,s
e,q,u,a,l
s,t,o,n,e
w,a,v,e,s
g,u,e,s,s
d,a,n,c,e
s,p,o,k,e
b,r,e,a,k
c,a,u,s,e
r,a,d,i,o
w,e,e,k,s
l,a,n,d,s
b,a,s,i,c
l,i,k,e,d
t,r,a,d,e
f,r,e,s,h
f,i,n,a,l
f,i,g,h,t
m,e,a,n,t
d,r,i,v,e
s,p,e,n,t
l,o,c,a,l
w,a,x,e,s
k,n,o,w,s
t,r,a,i,n
b,r,e,a,d
h,o,m,e,s
t,e,e,t,h
c,o,a,s,t
t,h,i,c,k
b,r,o,w,n
c,l,e,a,n
q,u,i,e,t
s,u,g,a,r
f,a,c,t,s
s,t,e,e,l
f,o,r,t,h
r,u,l,e,s
n,o,t,e,s
u,n,i,t,s
p,e,a,c,e
m,o,n,t,h
v,e,r,b,s
s,e,e,d,s
h,e,l,p,s
s,h,a,r,p
v,i,s,i,t
w,o,o,d,s
c,h,i,e,f
w,a,l,l,s
c,r,o,s,s
w,i,n,g,s
g,r,o,w,n
c,a,s,e,s
f,o,o,d,s
c,r,o,p,s
f,r,u,i,t
s,t,i,c,k
w,a,n,t,s
s,t,a,g,e
s,h,e,e,p
n,o,u,n,s
p,l,a,i,n
d,r,i,n,k
b,o,n,e,s
a,p,a,r,t
t,u,r,n,s
m,o,v,e,s
t,o,u,c,h
a,n,g,l,e
b,a,s,e,d
r,a,n,g,e
m,a,r,k,s
t,i,r,e,d
o,l,d,e,r
f,a,r,m,s
s,p,e,n,d
s,h,o,e,s
g,o,o,d,s
c,h,a,i,r
t,w,i,c,e
c,e,n,t,s
e,m,p,t,y
a,l,i,k,e
s,t,y,l,e
b,r,o,k,e
p,a,i,r,s
c,o,u,n,t
e,n,j,o,y
s,c,o,r,e
s,h,o,r,e
r,o,o,t,s
p,a,i,n,t
h,e,a,d,s
s,h,o,o,k
s,e,r,v,e
a,n,g,r,y
c,r,o,w,d
w,h,e,e,l
q,u,i,c,k
d,r,e,s,s
s,h,a,r,e
a,l,i,v,e
n,o,i,s,e
s,o,l,i,d
c,l,o,t,h
s,i,g,n,s
h,i,l,l,s
t,y,p,e,s
d,r,a,w,n
w,o,r,t,h
t,r,u,c,k
p,i,a,n,o
u,p,p,e,r
l,o,v,e,d
u,s,u,a,l
f,a,c,e,s
d,r,o,v,e
c,a,b,i,n
b,o,a,t,s
t,o,w,n,s
p,r,o,u,d
c,o,u,r,t
m,o,d,e,l
p,r,i,m,e
f,i,f,t,y
p,l,a,n,s
y,a,r,d,s
p,r,o,v,e
t,o,o,l,s
p,r,i,c,e
s,h,e,e,t
s,m,e,l,l
b,o,x,e,s
r,a,i,s,e
m,a,t,c,h
t,r,u,t,h
r,o,a,d,s
t,h,r,e,w
e,n,e,m,y
l,u,n,c,h
c,h,a,r,t
s,c,e,n,e
g,r,a,p,h
d,o,u,b,t
g,u,i,d,e
w,i,n,d,s
b,l,o,c,k
g,r,a,i,n
s,m,o,k,e
m,i,x,e,d
g,a,m,e,s
w,a,g,o,n
s,w,e,e,t
t,o,p,i,c
e,x,t,r,a
p,l,a,t,e
t,i,t,l,e
k,n,i,f,e
f,e,n,c,e
f,a,l,l,s
c,l,o,u,d
w,h,e,a,t
p,l,a,y,s
e,n,t,e,r
b,r,o,a,d
s,t,e,a,m
a,t,o,m,s
p,r,e,s,s
l,y,i,n,g
b,a,s,i,s
c,l,o,c,k
t,a,s,t,e
g,r,o,w,s
t,h,a,n,k
s,t,o,r,m
a,g,r,e,e
b,r,a,i,n
t,r,a,c,k
s,m,i,l,e
f,u,n,n,y
b,e,a,c,h
s,t,o,c,k
h,u,r,r,y
s,a,v,e,d
s,o,r,r,y
g,i,a,n,t
t,r,a,i,l
o,f,f,e,r
o,u,g,h,t
r,o,u,g,h
d,a,i,l,y
a,v,o,i,d
k,e,e,p,s
t,h,r,o,w
a,l,l,o,w
c,r,e,a,m
l,a,u,g,h
e,d,g,e,s
t,e,a,c,h
f,r,a,m,e
b,e,l,l,s
d,r,e,a,m
m,a,g,i,c
o,c,c,u,r
e,n,d,e,d
c,h,o,r,d
f,a,l,s,e
s,k,i,l,l
h,o,l,e,s
d,o,z,e,n
b,r,a,v,e
a,p,p,l,e
c,l,i,m,b
o,u,t,e,r
p,i,t,c,h
r,u,l,e,r
h,o,l,d,s
f,i,x,e,d
c,o,s,t,s
c,a,l,l,s
b,l,a,n,k
s,t,a,f,f
l,a,b,o,r
e,a,t,e,n
y,o,u,t,h
t,o,n,e,s
h,o,n,o,r
g,l,o,b,e
g,a,s,e,s
d,o,o,r,s
p,o,l,e,s
l,o,o,s,e
a,p,p,l,y
t,e,a,r,s
e,x,a,c,t
b,r,u,s,h
c,h,e,s,t
l,a,y,e,r
w,h,a,l,e
m,i,n,o,r
f,a,i,t,h
t,e,s,t,s
j,u,d,g,e
i,t,e,m,s
w,o,r,r,y
w,a,s,t,e
h,o,p,e,d
s,t,r,i,p
b,e,g,u,n
a,s,i,d,e
l,a,k,e,s
b,o,u,n,d
d,e,p,t,h
c,a,n,d,y
e,v,e,n,t
w,o,r,s,e
a,w,a,r,e
s,h,e,l,l
r,o,o,m,s
r,a,n,c,h
i,m,a,g,e
s,n,a,k,e
a,l,o,u,d
d,r,i,e,d
l,i,k,e,s
m,o,t,o,r
p,o,u,n,d
k,n,e,e,s
r,e,f,e,r
f,u,l,l,y
c,h,a,i,n
s,h,i,r,t
f,l,o,u,r
d,r,o,p,s
s,p,i,t,e
o,r,b,i,t
b,a,n,k,s
s,h,o,o,t
c,u,r,v,e
t,r,i,b,e
t,i,g,h,t
b,l,i,n,d
s,l,e,p,t
s,h,a,d,e
c,l,a,i,m
f,l,i,e,s
t,h,e,m,e
q,u,e,e,n
f,i,f,t,h
u,n,i,o,n
h,e,n,c,e
s,t,r,a,w
e,n,t,r,y
i,s,s,u,e
b,i,r,t,h
f,e,e,l,s
a,n,g,e,r
b,r,i,e,f
r,h,y,m,e
g,l,o,r,y
g,u,a,r,d
f,l,o,w,s
f,l,e,s,h
o,w,n,e,d
t,r,i,c,k
y,o,u,r,s
s,i,z,e,s
n,o,t,e,d
w,i,d,t,h
b,u,r,s,t
r,o,u,t,e
l,u,n,g,s
u,n,c,l,e
b,e,a,r,s
r,o,y,a,l
k,i,n,g,s
f,o,r,t,y
t,r,i,a,l
c,a,r,d,s
b,r,a,s,s
o,p,e,r,a
c,h,o,s,e
o,w,n,e,r
v,a,p,o,r
b,e,a,t,s
m,o,u,s,e
t,o,u,g,h
w,i,r,e,s
m,e,t,e,r
t,o,w,e,r
f,i,n,d,s
i,n,n,e,r
s,t,u,c,k
a,r,r,o,w
p,o,e,m,s
l,a,b,e,l
s,w,i,n,g
s,o,l,a,r
t,r,u,l,y
t,e,n,s,e
b,e,a,n,s
s,p,l,i,t
r,i,s,e,s
w,e,i,g,h
h,o,t,e,l
s,t,e,m,s
p,r,i,d,e
s,w,u,n,g
g,r,a,d,e
d,i,g,i,t
b,a,d,l,y
b,o,o,t,s
p,i,l,o,t
s,a,l,e,s
s,w,e,p,t
l,u,c,k,y
p,r,i,z,e
s,t,o,v,e
t,u,b,e,s
a,c,r,e,s
w,o,u,n,d
s,t,e,e,p
s,l,i,d,e
t,r,u,n,k
e,r,r,o,r
p,o,r,c,h
s,l,a,v,e
e,x,i,s,t
f,a,c,e,d
m,i,n,e,s
m,a,r,r,y
j,u,i,c,e
r,a,c,e,d
w,a,v,e,d
g,o,o,s,e
t,r,u,s,t
f,e,w,e,r
f,a,v,o,r
m,i,l,l,s
v,i,e,w,s
j,o,i,n,t
e,a,g,e,r
s,p,o,t,s
b,l,e,n,d
r,i,n,g,s
a,d,u,l,t
i,n,d,e,x
n,a,i,l,s
h,o,r,n,s
b,a,l,l,s
f,l,a,m,e
r,a,t,e,s
d,r,i,l,l
t,r,a,c,e
s,k,i,n,s
w,a,x,e,d
s,e,a,t,s
s,t,u,f,f
r,a,t,i,o
m,i,n,d,s
d,i,r,t,y
s,i,l,l,y
c,o,i,n,s
h,e,l,l,o
t,r,i,p,s
l,e,a,d,s
r,i,f,l,e
h,o,p,e,s
b,a,s,e,s
s,h,i,n,e
b,e,n,c,h
m,o,r,a,l
f,i,r,e,s
m,e,a,l,s
s,h,a,k,e
s,h,o,p,s
c,y,c,l,e
m,o,v,i,e
s,l,o,p,e
c,a,n,o,e
t,e,a,m,s
f,o,l,k,s
f,i,r,e,d
b,a,n,d,s
t,h,u,m,b
s,h,o,u,t
c,a,n,a,l
h,a,b,i,t
r,e,p,l,y
r,u,l,e,d
f,e,v,e,r
c,r,u,s,t
s,h,e,l,f
w,a,l,k,s
m,i,d,s,t
c,r,a,c,k
p,r,i,n,t
t,a,l,e,s
c,o,a,c,h
s,t,i,f,f
f,l,o,o,d
v,e,r,s,e
a,w,a,k,e
r,o,c,k,y
m,a,r,c,h
f,a,u,l,t
s,w,i,f,t
f,a,i,n,t
c,i,v,i,l
g,h,o,s,t
f,e,a,s,t
b,l,a,d,e
l,i,m,i,t
g,e,r,m,s
r,e,a,d,s
d,u,c,k,s
d,a,i,r,y
w,o,r,s,t
g,i,f,t,s
l,i,s,t,s
s,t,o,p,s
r,a,p,i,d
b,r,i,c,k
c,l,a,w,s
b,e,a,d,s
b,e,a,s,t
s,k,i,r,t
c,a,k,e,s
l,i,o,n,s
f,r,o,g,s
t,r,i,e,s
n,e,r,v,e
g,r,a,n,d
a,r,m,e,d
t,r,e,a,t
h,o,n,e,y
m,o,i,s,t
l,e,g,a,l
p,e,n,n,y
c,r,o,w,n
s,h,o,c,k
t,a,x,e,s
s,i,x,t,y
a,l,t,a,r
p,u,l,l,s
s,p,o,r,t
d,r,u,m,s
t,a,l,k,s
d,y,i,n,g
d,a,t,e,s
d,r,a,n,k
b,l,o,w,s
l,e,v,e,r
w,a,g,e,s
p,r,o,o,f
d,r,u,g,s
t,a,n,k,s
s,i,n,g,s
t,a,i,l,s
p,a,u,s,e
h,e,r,d,s
a,r,o,s,e
h,a,t,e,d
c,l,u,e,s
n,o,v,e,l
s,h,a,m,e
b,u,r,n,t
r,a,c,e,s
f,l,a,s,h
w,e,a,r,y
h,e,e,l,s
t,o,k,e,n
c,o,a,t,s
s,p,a,r,e
s,h,i,n,y
a,l,a,r,m
d,i,m,e,s
s,i,x,t,h
c,l,e,r,k
m,e,r,c,y
s,u,n,n,y
g,u,e,s,t
f,l,o,a,t
s,h,o,n,e
p,i,p,e,s
w,o,r,m,s
b,i,l,l,s
s,w,e,a,t
s,u,i,t,s
s,m,a,r,t
u,p,s,e,t
r,a,i,n,s
s,a,n,d,y
r,a,i,n,y
p,a,r,k,s
s,a,d,l,y
f,a,n,c,y
r,i,d,e,r
u,n,i,t,y
b,u,n,c,h
r,o,l,l,s
c,r,a,s,h
c,r,a,f,t
n,e,w,l,y
g,a,t,e,s
h,a,t,c,h
p,a,t,h,s
f,u,n,d,s
w,i,d,e,r
g,r,a,c,e
g,r,a,v,e
t,i,d,e,s
a,d,m,i,t
s,h,i,f,t
s,a,i,l,s
p,u,p,i,l
t,i,g,e,r
a,n,g,e,l
c,r,u,e,l
a,g,e,n,t
d,r,a,m,a
u,r,g,e,d
p,a,t,c,h
n,e,s,t,s
v,i,t,a,l
s,w,o,r,d
b,l,a,m,e
w,e,e,d,s
s,c,r,e,w
v,o,c,a,l
b,a,c,o,n
c,h,a,l,k
c,a,r,g,o
c,r,a,z,y
a,c,t,e,d
g,o,a,t,s
a,r,i,s,e
w,i,t,c,h
l,o,v,e,s
q,u,e,e,r
d,w,e,l,l
b,a,c,k,s
r,o,p,e,s
s,h,o,t,s
m,e,r,r,y
p,h,o,n,e
c,h,e,e,k
p,e,a,k,s
i,d,e,a,l
b,e,a,r,d
e,a,g,l,e
c,r,e,e,k
c,r,i,e,s
a,s,h,e,s
s,t,a,l,l
y,i,e,l,d
m,a,y,o,r
o,p,e,n,s
i,n,p,u,t
f,l,e,e,t
t,o,o,t,h
c,u,b,i,c
w,i,v,e,s
b,u,r,n,s
p,o,e,t,s
a,p,r,o,n
s,p,e,a,r
o,r,g,a,n
c,l,i,f,f
s,t,a,m,p
p,a,s,t,e
r,u,r,a,l
b,a,k,e,d
c,h,a,s,e
s,l,i,c,e
s,l,a,n,t
k,n,o,c,k
n,o,i,s,y
s,o,r,t,s
s,t,a,y,s
w,i,p,e,d
b,l,o,w,n
p,i,l,e,d
c,l,u,b,s
c,h,e,e,r
w,i,d,o,w
t,w,i,s,t
t,e,n,t,h
h,i,d,e,s
c,o,m,m,a
s,w,e,e,p
s,p,o,o,n
s,t,e,r,n
c,r,e,p,t
m,a,p,l,e
d,e,e,d,s
r,i,d,e,s
m,u,d,d,y
c,r,i,m,e
j,e,l,l,y
r,i,d,g,e
d,r,i,f,t
d,u,s,t,y
d,e,v,i,l
t,e,m,p,o
h,u,m,o,r
s,e,n,d,s
s,t,e,a,l
t,e,n,t,s
w,a,i,s,t
r,o,s,e,s
r,e,i,g,n
n,o,b,l,e
c,h,e,a,p
d,e,n,s,e
l,i,n,e,n
g,e,e,s,e
w,o,v,e,n
p,o,s,t,s
h,i,r,e,d
w,r,a,t,h
s,a,l,a,d
b,o,w,e,d
t,i,r,e,s
s,h,a,r,k
b,e,l,t,s
g,r,a,s,p
b,l,a,s,t
p,o,l,a,r
f,u,n,g,i
t,e,n,d,s
p,e,a,r,l
l,o,a,d,s
j,o,k,e,s
v,e,i,n,s
f,r,o,s,t
h,e,a,r,s
l,o,s,e,s
h,o,s,t,s
d,i,v,e,r
p,h,a,s,e
t,o,a,d,s
a,l,e,r,t
t,a,s,k,s
s,e,a,m,s
c,o,r,a,l
f,o,c,u,s
n,a,k,e,d
p,u,p,p,y
j,u,m,p,s
s,p,o,i,l
q,u,a,r,t
m,a,c,r,o
f,e,a,r,s
f,l,u,n,g
s,p,a,r,k
v,i,v,i,d
b,r,o,o,k
s,t,e,e,r
s,p,r,a,y
d,e,c,a,y
p,o,r,t,s
s,o,c,k,s
u,r,b,a,n
g,o,a,l,s
g,r,a,n,t
m,i,n,u,s
f,i,l,m,s
t,u,n,e,s
s,h,a,f,t
f,i,r,m,s
s,k,i,e,s
b,r,i,d,e
w,r,e,c,k
f,l,o,c,k
s,t,a,r,e
h,o,b,b,y
b,o,n,d,s
d,a,r,e,d
f,a,d,e,d
t,h,i,e,f
c,r,u,d,e
p,a,n,t,s
f,l,u,t,e
v,o,t,e,s
t,o,n,a,l
r,a,d,a,r
w,e,l,l,s
s,k,u,l,l
h,a,i,r,s
a,r,g,u,e
w,e,a,r,s
d,o,l,l,s
v,o,t,e,d
c,a,v,e,s
c,a,r,e,d
b,r,o,o,m
s,c,e,n,t
p,a,n,e,l
f,a,i,r,y
o,l,i,v,e
b,e,n,d,s
p,r,i,s,m
l,a,m,p,s
c,a,b,l,e
p,e,a,c,h
r,u,i,n,s
r,a,l,l,y
s,c,h,w,a
l,a,m,b,s
s,e,l,l,s
c,o,o,l,s
d,r,a,f,t
c,h,a,r,m
l,i,m,b,s
b,r,a,k,e
g,a,z,e,d
c,u,b,e,s
d,e,l,a,y
b,e,a,m,s
f,e,t,c,h
r,a,n,k,s
a,r,r,a,y
h,a,r,s,h
c,a,m,e,l
v,i,n,e,s
p,i,c,k,s
n,a,v,a,l
p,u,r,s,e
r,i,g,i,d
c,r,a,w,l
t,o,a,s,t
s,o,i,l,s
s,a,u,c,e
b,a,s,i,n
p,o,n,d,s
t,w,i,n,s
w,r,i,s,t
f,l,u,i,d
p,o,o,l,s
b,r,a,n,d
s,t,a,l,k
r,o,b,o,t
r,e,e,d,s
h,o,o,f,s
b,u,s,e,s
s,h,e,e,r
g,r,i,e,f
b,l,o,o,m
d,w,e,l,t
m,e,l,t,s
r,i,s,e,n
f,l,a,g,s
k,n,e,l,t
f,i,b,e,r
r,o,o,f,s
f,r,e,e,d
a,r,m,o,r
p,i,l,e,s
a,i,m,e,d
a,l,g,a,e
t,w,i,g,s
l,e,m,o,n
d,i,t,c,h
d,r,u,n,k
r,e,s,t,s
c,h,i,l,l
s,l,a,i,n
p,a,n,i,c
c,o,r,d,s
t,u,n,e,d
c,r,i,s,p
l,e,d,g,e
d,i,v,e,d
s,w,a,m,p
c,l,u,n,g
s,t,o,l,e
m,o,l,d,s
y,a,r,n,s
l,i,v,e,r
g,a,u,g,e
b,r,e,e,d
s,t,o,o,l
g,u,l,l,s
a,w,o,k,e
g,r,o,s,s
d,i,a,r,y
r,a,i,l,s
b,e,l,l,y
t,r,e,n,d
f,l,a,s,k
s,t,a,k,e
f,r,i,e,d
d,r,a,w,s
a,c,t,o,r
h,a,n,d,y
b,o,w,l,s
h,a,s,t,e
s,c,o,p,e
d,e,a,l,s
k,n,o,t,s
m,o,o,n,s
e,s,s,a,y
t,h,u,m,p
h,a,n,g,s
b,l,i,s,s
d,e,a,l,t
g,a,i,n,s
b,o,m,b,s
c,l,o,w,n
p,a,l,m,s
c,o,n,e,s
r,o,a,s,t
t,i,d,a,l
b,o,r,e,d
c,h,a,n,t
a,c,i,d,s
d,o,u,g,h
c,a,m,p,s
s,w,o,r,e
l,o,v,e,r
h,o,o,k,s
m,a,l,e,s
c,o,c,o,a
p,u,n,c,h
a,w,a,r,d
r,e,i,n,s
n,i,n,t,h
n,o,s,e,s
l,i,n,k,s
d,r,a,i,n
f,i,l,l,s
n,y,l,o,n
l,u,n,a,r
p,u,l,s,e
f,l,o,w,n
e,l,b,o,w
f,a,t,a,l
s,i,t,e,s
m,o,t,h,s
m,e,a,t,s
f,o,x,e,s
m,i,n,e,d
a,t,t,i,c
f,i,e,r,y
m,o,u,n,t
u,s,a,g,e
s,w,e,a,r
s,n,o,w,y
r,u,s,t,y
s,c,a,r,e
t,r,a,p,s
r,e,l,a,x
r,e,a,c,t
v,a,l,i,d
r,o,b,i,n
c,e,a,s,e
g,i,l,l,s
p,r,i,o,r
s,a,f,e,r
p,o,l,i,o
l,o,y,a,l
s,w,e,l,l
s,a,l,t,y
m,a,r,s,h
v,a,g,u,e
w,e,a,v,e
m,o,u,n,d
s,e,a,l,s
m,u,l,e,s
v,i,r,u,s
s,c,o,u,t
a,c,u,t,e
w,i,n,d,y
s,t,o,u,t
f,o,l,d,s
s,e,i,z,e
h,i,l,l,y
j,o,i,n,s
p,l,u,c,k
s,t,a,c,k
l,o,r,d,s
d,u,n,e,s
b,u,r,r,o
h,a,w,k,s
t,r,o,u,t
f,e,e,d,s
s,c,a,r,f
h,a,l,l,s
c,o,a,l,s
t,o,w,e,l
s,o,u,l,s
e,l,e,c,t
b,u,g,g,y
p,u,m,p,s
l,o,a,n,s
s,p,i,n,s
f,i,l,e,s
o,x,i,d,e
p,a,i,n,s
p,h,o,t,o
r,i,v,a,l
f,l,a,t,s
s,y,r,u,p
r,o,d,e,o
s,a,n,d,s
m,o,o,s,e
p,i,n,t,s
c,u,r,l,y
c,o,m,i,c
c,l,o,a,k
o,n,i,o,n
c,l,a,m,s
s,c,r,a,p
d,i,d,s,t
c,o,u,c,h
c,o,d,e,s
f,a,i,l,s
o,u,n,c,e
l,o,d,g,e
g,r,e,e,t
g,y,p,s,y
u,t,t,e,r
p,a,v,e,d
z,o,n,e,s
f,o,u,r,s
a,l,l,e,y
t,i,l,e,s
b,l,e,s,s
c,r,e,s,t
e,l,d,e,r
k,i,l,l,s
y,e,a,s,t
e,r,e,c,t
b,u,g,l,e
m,e,d,a,l
r,o,l,e,s
h,o,u,n,d
s,n,a,i,l
a,l,t,e,r
a,n,k,l,e
r,e,l,a,y
l,o,o,p,s
z,e,r,o,s
b,i,t,e,s
m,o,d,e,s
d,e,b,t,s
r,e,a,l,m
g,l,o,v,e
r,a,y,o,n
s,w,i,m,s
p,o,k,e,d
s,t,r,a,y
l,i,f,t,s
m,a,k,e,r
l,u,m,p,s
g,r,a,z,e
d,r,e,a,d
b,a,r,n,s
d,o,c,k,s
m,a,s,t,s
p,o,u,r,s
w,h,a,r,f
c,u,r,s,e
p,l,u,m,p
r,o,b,e,s
s,e,e,k,s
c,e,d,a,r
c,u,r,l,s
j,o,l,l,y
m,y,t,h,s
c,a,g,e,s
g,l,o,o,m
l,o,c,k,s
p,e,d,a,l
b,e,e,t,s
c,r,o,w,s
a,n,o,d,e
s,l,a,s,h
c,r,e,e,p
r,o,w,e,d
c,h,i,p,s
f,i,s,t,s
w,i,n,e,s
c,a,r,e,s
v,a,l,v,e
n,e,w,e,r
m,o,t,e,l
i,v,o,r,y
n,e,c,k,s
c,l,a,m,p
b,a,r,g,e
b,l,u,e,s
a,l,i,e,n
f,r,o,w,n
s,t,r,a,p
c,r,e,w,s
s,h,a,c,k
g,o,n,n,a
s,a,v,e,s
s,t,u,m,p
f,e,r,r,y
i,d,o,l,s
c,o,o,k,s
j,u,i,c,y
g,l,a,r,e
c,a,r,t,s
a,l,l,o,y
b,u,l,b,s
l,a,w,n,s
l,a,s,t,s
f,u,e,l,s
o,d,d,l,y
c,r,a,n,e
f,i,l,e,d
w,e,i,r,d
s,h,a,w,l
s,l,i,p,s
t,r,o,o,p
b,o,l,t,s
s,u,i,t,e
s,l,e,e,k
q,u,i,l,t
t,r,a,m,p
b,l,a,z,e
a,t,l,a,s
o,d,o,r,s
s,c,r,u,b
c,r,a,b,s
p,r,o,b,e
l,o,g,i,c
a,d,o,b,e
e,x,i,l,e
r,e,b,e,l
g,r,i,n,d
s,t,i,n,g
s,p,i,n,e
c,l,i,n,g
d,e,s,k,s
g,r,o,v,e
l,e,a,p,s
p,r,o,s,e
l,o,f,t,y
a,g,o,n,y
s,n,a,r,e
t,u,s,k,s
b,u,l,l,s
m,o,o,d,s
h,u,m,i,d
f,i,n,e,r
d,i,m,l,y
p,l,a,n,k
c,h,i,n,a
p,i,n,e,s
g,u,i,l,t
s,a,c,k,s
b,r,a,c,e
q,u,o,t,e
l,a,t,h,e
g,a,i,l,y
f,o,n,t,s
s,c,a,l,p
a,d,o,p,t
f,o,g,g,y
f,e,r,n,s
g,r,a,m,s
c,l,u,m,p
p,e,r,c,h
t,u,m,o,r
t,e,e,n,s
c,r,a,n,k
f,a,b,l,e
h,e,d,g,e
g,e,n,e,s
s,o,b,e,r
b,o,a,s,t
t,r,a,c,t
c,i,g,a,r
u,n,i,t,e
o,w,i,n,g
t,h,i,g,h
h,a,i,k,u
s,w,i,s,h
d,i,k,e,s
w,e,d,g,e
b,o,o,t,h
e,a,s,e,d
f,r,a,i,l
c,o,u,g,h
t,o,m,b,s
d,a,r,t,s
f,o,r,t,s
c,h,o,i,r
p,o,u,c,h
p,i,n,c,h
h,a,i,r,y
b,u,y,e,r
t,o,r,c,h
v,i,g,o,r
w,a,l,t,z
h,e,a,t,s
h,e,r,b,s
u,s,e,r,s
f,l,i,n,t
c,l,i,c,k
m,a,d,a,m
b,l,e,a,k
b,l,u,n,t
a,i,d,e,d
l,a,c,k,s
m,a,s,k,s
w,a,d,e,d
r,i,s,k,s
n,u,r,s,e
c,h,a,o,s
s,e,w,e,d
c,u,r,e,d
a,m,p,l,e
l,e,a,s,e
s,t,e,a,k
s,i,n,k,s
m,e,r,i,t
b,l,u,f,f
b,a,t,h,e
g,l,e,a,m
b,o,n,u,s
c,o,l,t,s
s,h,e,a,r
g,l,a,n,d
s,i,l,k,y
s,k,a,t,e
b,i,r,c,h
a,n,v,i,l
s,l,e,d,s
g,r,o,a,n
m,a,i,d,s
m,e,e,t,s
s,p,e,c,k
h,y,m,n,s
h,i,n,t,s
d,r,o,w,n
b,o,s,o,m
s,l,i,c,k
q,u,e,s,t
c,o,i,l,s
s,p,i,e,d
s,n,o,w,s
s,t,e,a,d
s,n,a,c,k
p,l,o,w,s
b,l,o,n,d
t,a,m,e,d
t,h,o,r,n
w,a,i,t,s
g,l,u,e,d
b,a,n,j,o
t,e,a,s,e
a,r,e,n,a
b,u,l,k,y
c,a,r,v,e
s,t,u,n,t
w,a,r,m,s
s,h,a,d,y
r,a,z,o,r
f,o,l,l,y
l,e,a,f,y
n,o,t,c,h
f,o,o,l,s
o,t,t,e,r
p,e,a,r,s
f,l,u,s,h
g,e,n,u,s
a,c,h,e,d
f,i,v,e,s
f,l,a,p,s
s,p,o,u,t
s,m,o,t,e
f,u,m,e,s
a,d,a,p,t
c,u,f,f,s
t,a,s,t,y
s,t,o,o,p
c,l,i,p,s
d,i,s,k,s
s,n,i,f,f
l,a,n,e,s
b,r,i,s,k
i,m,p,l,y
d,e,m,o,n
s,u,p,e,r
f,u,r,r,y
r,a,g,e,d
g,r,o,w,l
t,e,x,t,s
h,a,r,d,y
s,t,u,n,g
t,y,p,e,d
h,a,t,e,s
w,i,s,e,r
t,i,m,i,d
s,e,r,u,m
b,e,a,k,s
r,o,t,o,r
c,a,s,t,s
b,a,t,h,s
g,l,i,d,e
p,l,o,t,s
t,r,a,i,t
r,e,s,i,n
s,l,u,m,s
l,y,r,i,c
p,u,f,f,s
d,e,c,k,s
b,r,o,o,d
m,o,u,r,n
a,l,o,f,t
a,b,u,s,e
w,h,i,r,l
e,d,g,e,d
o,v,a,r,y
q,u,a,c,k
h,e,a,p,s
s,l,a,n,g
a,w,a,i,t
c,i,v,i,c
s,a,i,n,t
b,e,v,e,l
s,o,n,a,r
a,u,n,t,s
p,a,c,k,s
f,r,o,z,e
t,o,n,i,c
c,o,r,p,s
s,w,a,r,m
f,r,a,n,k
r,e,p,a,y
g,a,u,n,t
w,i,r,e,d
n,i,e,c,e
c,e,l,l,o
n,e,e,d,y
c,h,u,c,k
s,t,o,n,y
m,e,d,i,a
s,u,r,g,e
h,u,r,t,s
r,e,p,e,l
h,u,s,k,y
d,a,t,e,d
h,u,n,t,s
m,i,s,t,s
e,x,e,r,t
d,r,i,e,s
m,a,t,e,s
s,w,o,r,n
b,a,k,e,r
s,p,i,c,e
o,a,s,i,s
b,o,i,l,s
s,p,u,r,s
d,o,v,e,s
s,n,e,a,k
p,a,c,e,s
c,o,l,o,n
s,i,e,g,e
s,t,r,u,m
d,r,i,e,r
c,a,c,a,o
h,u,m,u,s
b,a,l,e,s
p,i,p,e,d
n,a,s,t,y
r,i,n,s,e
b,o,x,e,r
s,h,r,u,b
a,m,u,s,e
t,a,c,k,s
c,i,t,e,d
s,l,u,n,g
d,e,l,t,a
l,a,d,e,n
l,a,r,v,a
r,e,n,t,s
y,e,l,l,s
s,p,o,o,l
s,p,i,l,l
c,r,u,s,h
j,e,w,e,l
s,n,a,p,s
s,t,a,i,n
k,i,c,k,s
t,y,i,n,g
s,l,i,t,s
r,a,t,e,d
e,e,r,i,e
s,m,a,s,h
p,l,u,m,s
z,e,b,r,a
e,a,r,n,s
b,u,s,h,y
s,c,a,r,y
s,q,u,a,d
t,u,t,o,r
s,i,l,k,s
s,l,a,b,s
b,u,m,p,s
e,v,i,l,s
f,a,n,g,s
s,n,o,u,t
p,e,r,i,l
p,i,v,o,t
y,a,c,h,t
l,o,b,b,y
j,e,a,n,s
g,r,i,n,s
v,i,o,l,a
l,i,n,e,r
c,o,m,e,t
s,c,a,r,s
c,h,o,p,s
r,a,i,d,s
e,a,t,e,r
s,l,a,t,e
s,k,i,p,s
s,o,l,e,s
m,i,s,t,y
u,r,i,n,e
k,n,o,b,s
s,l,e,e,t
h,o,l,l,y
p,e,s,t,s
f,o,r,k,s
g,r,i,l,l
t,r,a,y,s
p,a,i,l,s
b,o,r,n,e
t,e,n,o,r
w,a,r,e,s
c,a,r,o,l
w,o,o,d,y
c,a,n,o,n
w,a,k,e,s
k,i,t,t,y
m,i,n,e,r
p,o,l,l,s
s,h,a,k,y
n,a,s,a,l
s,c,o,r,n
c,h,e,s,s
t,a,x,i,s
c,r,a,t,e
s,h,y,l,y
t,u,l,i,p
f,o,r,g,e
n,y,m,p,h
b,u,d,g,e
l,o,w,l,y
a,b,i,d,e
d,e,p,o,t
o,a,s,e,s
a,s,s,e,s
s,h,e,d,s
f,u,d,g,e
p,i,l,l,s
r,i,v,e,t
t,h,i,n,e
g,r,o,o,m
l,a,n,k,y
b,o,o,s,t
b,r,o,t,h
h,e,a,v,e
g,r,a,v,y
b,e,e,c,h
t,i,m,e,d
q,u,a,i,l
i,n,e,r,t
g,e,a,r,s
c,h,i,c,k
h,i,n,g,e
t,r,a,s,h
c,l,a,s,h
s,i,g,h,s
r,e,n,e,w
b,o,u,g,h
d,w,a,r,f
s,l,o,w,s
q,u,i,l,l
s,h,a,v,e
s,p,o,r,e
s,i,x,e,s
c,h,u,n,k
m,a,d,l,y
p,a,c,e,d
b,r,a,i,d
f,u,z,z,y
m,o,t,t,o
s,p,i,e,s
s,l,a,c,k
m,u,c,u,s
m,a,g,m,a
a,w,f,u,l
d,i,s,c,s
e,r,a,s,e
p,o,s,e,d
a,s,s,e,t
c,i,d,e,r
t,a,p,e,r
t,h,e,f,t
c,h,u,r,n
s,a,t,i,n
s,l,o,t,s
t,a,x,e,d
b,u,l,l,y
s,l,o,t,h
s,h,a,l,e
t,r,e,a,d
r,a,k,e,d
c,u,r,d,s
m,a,n,o,r
a,i,s,l,e
b,u,l,g,e
l,o,i,n,s
s,t,a,i,r
t,a,p,e,s
l,e,a,n,s
b,u,n,k,s
s,q,u,a,t
t,o,w,e,d
l,a,n,c,e
p,a,n,e,s
s,a,k,e,s
h,e,i,r,s
c,a,s,t,e
d,u,m,m,y
p,o,r,e,s
f,a,u,n,a
c,r,o,o,k
p,o,i,s,e
e,p,o,c,h
r,i,s,k,y
w,a,r,n,s
f,l,i,n,g
b,e,r,r,y
g,r,a,p,e
f,l,a,n,k
d,r,a,g,s
s,q,u,i,d
p,e,l,t,s
i,c,i,n,g
i,r,o,n,y
i,r,o,n,s
b,a,r,k,s
w,h,o,o,p
c,h,o,k,e
d,i,e,t,s
w,h,i,p,s
t,a,l,l,y
d,o,z,e,d
t,w,i,n,e
k,i,t,e,s
b,i,k,e,s
t,i,c,k,s
r,i,o,t,s
r,o,a,r,s
v,a,u,l,t
l,o,o,m,s
s,c,o,l,d
b,l,i,n,k
d,a,n,d,y
p,u,p,a,e
s,i,e,v,e
s,p,i,k,e
d,u,c,t,s
l,e,n,d,s
p,i,z,z,a
b,r,i,n,k
w,i,d,e,n
p,l,u,m,b
p,a,g,a,n
f,e,a,t,s
b,i,s,o,n
s,o,g,g,y
s,c,o,o,p
a,r,g,o,n
n,u,d,g,e
s,k,i,f,f
a,m,b,e,r
s,e,x,e,s
r,o,u,s,e
s,a,l,t,s
h,i,t,c,h
e,x,a,l,t
l,e,a,s,h
d,i,n,e,d
c,h,u,t,e
s,n,o,r,t
g,u,s,t,s
m,e,l,o,n
c,h,e,a,t
r,e,e,f,s
l,l,a,m,a
l,a,s,s,o
d,e,b,u,t
q,u,o,t,a
o,a,t,h,s
p,r,o,n,e
m,i,x,e,s
r,a,f,t,s
d,i,v,e,s
s,t,a,l,e
i,n,l,e,t
f,l,i,c,k
p,i,n,t,o
b,r,o,w,s
u,n,t,i,e
b,a,t,c,h
g,r,e,e,d
c,h,o,r,e
s,t,i,r,s
b,l,u,s,h
o,n,s,e,t
b,a,r,b,s
v,o,l,t,s
b,e,i,g,e
s,w,o,o,p
p,a,d,d,y
l,a,c,e,d
s,h,o,v,e
j,e,r,k,y
p,o,p,p,y
l,e,a,k,s
f,a,r,e,s
d,o,d,g,e
g,o,d,l,y
s,q,u,a,w
a,f,f,i,x
b,r,u,t,e
n,i,c,e,r
u,n,d,u,e
s,n,a,r,l
m,e,r,g,e
d,o,s,e,s
s,h,o,w,y
d,a,d,d,y
r,o,o,s,t
v,a,s,e,s
s,w,i,r,l
p,e,t,t,y
c,o,l,d,s
c,u,r,r,y
c,o,b,r,a
g,e,n,i,e
f,l,a,r,e
m,e,s,s,y
c,o,r,e,s
s,o,a,k,s
r,i,p,e,n
w,h,i,n,e
a,m,i,n,o
p,l,a,i,d
s,p,i,n,y
m,o,w,e,d
b,a,t,o,n
p,e,e,r,s
v,o,w,e,d
p,i,o,u,s
s,w,a,n,s
e,x,i,t,s
a,f,o,o,t
p,l,u,g,s
i,d,i,o,m
c,h,i,l,i
r,i,t,e,s
s,e,r,f,s
c,l,e,f,t
b,e,r,t,h
g,r,u,b,s
a,n,n,e,x
d,i,z,z,y
h,a,s,t,y
l,a,t,c,h
w,a,s,p,s
m,i,r,t,h
b,a,r,o,n
p,l,e,a,d
a,l,o,o,f
a,g,i,n,g
p,i,x,e,l
b,a,r,e,d
m,u,m,m,y
h,o,t,l,y
a,u,g,e,r
b,u,d,d,y
c,h,a,p,s
b,a,d,g,e
s,t,a,r,k
f,a,i,r,s
g,u,l,l,y
m,u,m,p,s
e,m,e,r,y
f,i,l,l,y
o,v,e,n,s
d,r,o,n,e
g,a,u,z,e
i,d,i,o,t
f,u,s,s,y
a,n,n,o,y
s,h,a,n,k
g,o,u,g,e
b,l,e,e,d
e,l,v,e,s
r,o,p,e,d
u,n,f,i,t
b,a,g,g,y
m,o,w,e,r
s,c,a,n,t
g,r,a,b,s
f,l,e,a,s
l,o,u,s,y
a,l,b,u,m
s,a,w,e,d
c,o,o,k,y
m,u,r,k,y
i,n,f,e,r
b,u,r,l,y
w,a,g,e,d
d,i,n,g,y
b,r,i,n,e
k,n,e,e,l
c,r,e,a,k
v,a,n,e,s
s,m,o,k,y
s,p,u,r,t
c,o,m,b,s
e,a,s,e,l
l,a,c,e,s
h,u,m,p,s
r,u,m,o,r
a,r,o,m,a
h,o,r,d,e
s,w,i,s,s
l,e,a,p,t
o,p,i,u,m
s,l,i,m,e
a,f,i,r,e
p,a,n,s,y
m,a,r,e,s
s,o,a,p,s
h,u,s,k,s
s,n,i,p,s
h,a,z,e,l
l,i,n,e,d
c,a,f,e,s
n,a,i,v,e
w,r,a,p,s
s,i,z,e,d
p,i,e,r,s
b,e,s,e,t
a,g,i,l,e
t,o,n,g,s
s,t,e,e,d
f,r,a,u,d
b,o,o,t,y
v,a,l,o,r
d,o,w,n,y
w,i,t,t,y
m,o,s,s,y
p,s,a,l,m
s,c,u,b,a
t,o,u,r,s
p,o,l,k,a
m,i,l,k,y
g,a,u,d,y
s,h,r,u,g
t,u,f,t,s
w,i,l,d,s
l,a,s,e,r
t,r,u,s,s
h,a,r,e,s
c,r,e,e,d
l,i,l,a,c
s,i,r,e,n
t,a,r,r,y
b,r,i,b,e
s,w,i,n,e
m,u,t,e,d
f,l,i,p,s
c,u,r,e,s
s,i,n,e,w
b,o,x,e,d
h,o,o,p,s
g,a,s,p,s
h,o,o,d,s
n,i,c,h,e
y,u,c,c,a
g,l,o,w,s
s,e,w,e,r
w,h,a,c,k
f,u,s,e,s
g,o,w,n,s
d,r,o,o,p
b,u,c,k,s
p,a,n,g,s
m,a,i,l,s
w,h,i,s,k
h,a,v,e,n
c,l,a,s,p
s,l,i,n,g
s,t,i,n,t
u,r,g,e,s
c,h,a,m,p
p,i,e,t,y
c,h,i,r,p
p,l,e,a,t
p,o,s,s,e
s,u,n,u,p
m,e,n,u,s
h,o,w,l,s
q,u,a,k,e
k,n,a,c,k
p,l,a,z,a
f,i,e,n,d
c,a,k,e,d
b,a,n,g,s
e,r,u,p,t
p,o,k,e,r
o,l,d,e,n
c,r,a,m,p
v,o,t,e,r
p,o,s,e,s
m,a,n,l,y
s,l,u,m,p
f,i,n,e,d
g,r,i,p,s
g,a,p,e,d
p,u,r,g,e
h,i,k,e,d
m,a,i,z,e
f,l,u,f,f
s,t,r,u,t
s,l,o,o,p
p,r,o,w,l
r,o,a,c,h
c,o,c,k,s
b,l,a,n,d
d,i,a,l,s
p,l,u,m,e
s,l,a,p,s
s,o,u,p,s
d,u,l,l,y
w,i,l,l,s
f,o,a,m,s
s,o,l,o,s
s,k,i,e,r
e,a,v,e,s
t,o,t,e,m
f,u,s,e,d
l,a,t,e,x
v,e,i,l,s
m,u,s,e,d
m,a,i,n,s
m,y,r,r,h
r,a,c,k,s
g,a,l,l,s
g,n,a,t,s
b,o,u,t,s
s,i,s,a,l
s,h,u,t,s
h,o,s,e,s
d,r,y,l,y
h,o,v,e,r
g,l,o,s,s
s,e,e,p,s
d,e,n,i,m
p,u,t,t,y
g,u,p,p,y
l,e,a,k,y
d,u,s,k,y
f,i,l,t,h
o,b,o,e,s
s,p,a,n,s
f,o,w,l,s
a,d,o,r,n
g,l,a,z,e
h,a,u,n,t
d,a,r,e,s
o,b,e,y,s
b,a,k,e,s
a,b,y,s,s
s,m,e,l,t
g,a,n,g,s
a,c,h,e,s
t,r,a,w,l
c,l,a,p,s
u,n,d,i,d
s,p,i,c,y
h,o,i,s,t
f,a,d,e,s
v,i,c,a,r
a,c,o,r,n
p,u,s,s,y
g,r,u,f,f
m,u,s,t,y
t,a,r,t,s
s,n,u,f,f
h,u,n,c,h
t,r,u,c,e
t,w,e,e,d
d,r,y,e,r
l,o,s,e,r
s,h,e,a,f
m,o,l,e,s
l,a,p,s,e
t,a,w,n,y
v,e,x,e,d
a,u,t,o,s
w,a,g,e,r
d,o,m,e,s
s,h,e,e,n
c,l,a,n,g
s,p,a,d,e
s,o,w,e,d
b,r,o,i,l
s,l,y,l,y
s,t,u,d,s
g,r,u,n,t
d,o,n,o,r
s,l,u,g,s
a,s,p,e,n
h,o,m,e,r
c,r,o,a,k
t,i,t,h,e
h,a,l,t,s
a,v,e,r,t
h,a,v,o,c
h,o,g,a,n
g,l,i,n,t
r,u,d,d,y
j,e,e,p,s
f,l,a,k,y
l,a,d,l,e
t,a,u,n,t
s,n,o,r,e
f,i,n,e,s
p,r,o,p,s
p,r,u,n,e
p,e,s,o,s
r,a,d,i,i
p,o,k,e,s
t,i,l,e,d
d,a,i,s,y
h,e,r,o,n
v,i,l,l,a
f,a,r,c,e
b,i,n,d,s
c,i,t,e,s
f,i,x,e,s
j,e,r,k,s
l,i,v,i,d
w,a,k,e,d
i,n,k,e,d
b,o,o,m,s
c,h,e,w,s
l,i,c,k,s
h,y,e,n,a
s,c,o,f,f
l,u,s,t,y
s,o,n,i,c
s,m,i,t,h
u,s,h,e,r
t,u,c,k,s
v,i,g,i,l
m,o,l,t,s
s,e,c,t,s
s,p,a,r,s
d,u,m,p,s
s,c,a,l,y
w,i,s,p,s
s,o,r,e,s
m,i,n,c,e
p,a,n,d,a
f,l,i,e,r
a,x,l,e,s
p,l,i,e,d
b,o,o,b,y
p,a,t,i,o
r,a,b,b,i
p,e,t,a,l
p,o,l,y,p
t,i,n,t,s
g,r,a,t,e
t,r,o,l,l
t,o,l,l,s
r,e,l,i,c
p,h,o,n,y
b,l,e,a,t
f,l,a,w,s
f,l,a,k,e
s,n,a,g,s
a,p,t,l,y
d,r,a,w,l
u,l,c,e,r
s,o,a,p,y
b,o,s,s,y
m,o,n,k,s
c,r,a,g,s
c,a,g,e,d
t,w,a,n,g
d,i,n,e,r
t,a,p,e,d
c,a,d,e,t
g,r,i,d,s
s,p,a,w,n
g,u,i,l,e
n,o,o,s,e
m,o,r,e,s
g,i,r,t,h
s,l,i,m,y
a,i,d,e,s
s,p,a,s,m
b,u,r,r,s
a,l,i,b,i
l,y,m,p,h
s,a,u,c,y
m,u,g,g,y
l,i,t,e,r
j,o,k,e,d
g,o,o,f,y
e,x,a,m,s
e,n,a,c,t
s,t,o,r,k
l,u,r,e,d
t,o,x,i,c
o,m,e,n,s
n,e,a,r,s
c,o,v,e,t
w,r,u,n,g
f,o,r,u,m
v,e,n,o,m
m,o,o,d,y
a,l,d,e,r
s,a,s,s,y
f,l,a,i,r
g,u,i,l,d
p,r,a,y,s
w,r,e,n,s
h,a,u,l,s
s,t,a,v,e
t,i,l,t,s
p,e,c,k,s
s,t,o,m,p
g,a,l,e,s
t,e,m,p,t
c,a,p,e,s
m,e,s,a,s
o,m,i,t,s
t,e,p,e,e
h,a,r,r,y
w,r,i,n,g
e,v,o,k,e
l,i,m,e,s
c,l,u,c,k
l,u,n,g,e
h,i,g,h,s
c,a,n,e,s
g,i,d,d,y
l,i,t,h,e
v,e,r,g,e
k,h,a,k,i
q,u,e,u,e
l,o,a,t,h
f,o,y,e,r
o,u,t,d,o
f,a,r,e,d
d,e,t,e,r
c,r,u,m,b
a,s,t,i,r
s,p,i,r,e
j,u,m,p,y
e,x,t,o,l
b,u,o,y,s
s,t,u,b,s
l,u,c,i,d
t,h,o,n,g
a,f,o,r,e
w,h,i,f,f
m,a,x,i,m
h,u,l,l,s
c,l,o,g,s
s,l,a,t,s
j,i,f,f,y
a,r,b,o,r
c,i,n,c,h
i,g,l,o,o
g,o,o,d,y
g,a,z,e,s
d,o,w,e,l
c,a,l,m,s
b,i,t,c,h
s,c,o,w,l
g,u,l,p,s
c,o,d,e,d
w,a,v,e,r
m,a,s,o,n
l,o,b,e,s
e,b,o,n,y
f,l,a,i,l
i,s,l,e,s
c,l,o,d,s
d,a,z,e,d
a,d,e,p,t
o,o,z,e,d
s,e,d,a,n
c,l,a,y,s
w,a,r,t,s
k,e,t,c,h
s,k,u,n,k
m,a,n,e,s
a,d,o,r,e
s,n,e,e,r
m,a,n,g,o
f,i,o,r,d
f,l,o,r,a
r,o,o,m,y
m,i,n,k,s
t,h,a,w,s
w,a,t,t,s
f,r,e,e,r
e,x,u,l,t
p,l,u,s,h
p,a,l,e,d
t,w,a,i,n
c,l,i,n,k
s,c,a,m,p
p,a,w,e,d
g,r,o,p,e
b,r,a,v,o
g,a,b,l,e
s,t,i,n,k
s,e,v,e,r
w,a,n,e,d
r,a,r,e,r
r,e,g,a,l
w,a,r,d,s
f,a,w,n,s
b,a,b,e,s
u,n,i,f,y
a,m,e,n,d
o,a,k,e,n
g,l,a,d,e
v,i,s,o,r
h,e,f,t,y
n,i,n,e,s
t,h,r,o,b
p,e,c,a,n
b,u,t,t,s
p,e,n,c,e
s,i,l,l,s
j,a,i,l,s
f,l,y,e,r
s,a,b,e,r
n,o,m,a,d
m,i,t,e,r
b,e,e,p,s
d,o,m,e,d
g,u,l,f,s
c,u,r,b,s
h,e,a,t,h
m,o,o,r,s
a,o,r,t,a
l,a,r,k,s
t,a,n,g,y
w,r,y,l,y
c,h,e,e,p
r,a,g,e,s
e,v,a,d,e
l,u,r,e,s
f,r,e,a,k
v,o,g,u,e
t,u,n,i,c
s,l,a,m,s
k,n,i,t,s
d,u,m,p,y
m,a,n,i,a
s,p,i,t,s
f,i,r,t,h
h,i,k,e,s
t,r,o,t,s
n,o,s,e,d
c,l,a,n,k
d,o,g,m,a
b,l,o,a,t
b,a,l,s,a
g,r,a,f,t
m,i,d,d,y
s,t,i,l,e
k,e,y,e,d
f,i,n,c,h
s,p,e,r,m
c,h,a,f,f
w,i,l,e,s
a,m,i,g,o
c,o,p,r,a
a,m,i,s,s
e,y,i,n,g
t,w,i,r,l
l,u,r,c,h
p,o,p,e,s
c,h,i,n,s
s,m,o,c,k
t,i,n,e,s
g,u,i,s,e
g,r,i,t,s
j,u,n,k,s
s,h,o,a,l
c,a,c,h,e
t,a,p,i,r
a,t,o,l,l
d,e,i,t,y
t,o,i,l,s
s,p,r,e,e
m,o,c,k,s
s,c,a,n,s
s,h,o,r,n
r,e,v,e,l
r,a,v,e,n
h,o,a,r,y
r,e,e,l,s
s,c,u,f,f
m,i,m,i,c
w,e,e,d,y
c,o,r,n,y
t,r,u,e,r
r,o,u,g,e
e,m,b,e,r
f,l,o,e,s
t,o,r,s,o
w,i,p,e,s
e,d,i,c,t
s,u,l,k,y
r,e,c,u,r
g,r,o,i,n
b,a,s,t,e
k,i,n,k,s
s,u,r,e,r
p,i,g,g,y
m,o,l,d,y
f,r,a,n,c
l,i,a,r,s
i,n,e,p,t
g,u,s,t,y
f,a,c,e,t
j,e,t,t,y
e,q,u,i,p
l,e,p,e,r
s,l,i,n,k
s,o,a,r,s
c,a,t,e,r
d,o,w,r,y
s,i,d,e,d
y,e,a,r,n
d,e,c,o,y
t,a,b,o,o
o,v,a,l,s
h,e,a,l,s
p,l,e,a,s
b,e,r,e,t
s,p,i,l,t
g,a,y,l,y
r,o,v,e,r
e,n,d,o,w
p,y,g,m,y
c,a,r,a,t
a,b,b,e,y
v,e,n,t,s
w,a,k,e,n
c,h,i,m,p
f,u,m,e,d
s,o,d,a,s
v,i,n,y,l
c,l,o,u,t
w,a,d,e,s
m,i,t,e,s
s,m,i,r,k
b,o,r,e,s
b,u,n,n,y
s,u,r,l,y
f,r,o,c,k
f,o,r,a,y
p,u,r,e,r
m,i,l,k,s
q,u,e,r,y
m,i,r,e,d
b,l,a,r,e
f,r,o,t,h
g,r,u,e,l
n,a,v,e,l
p,a,l,e,r
p,u,f,f,y
c,a,s,k,s
g,r,i,m,e
d,e,r,b,y
m,a,m,m,a
g,a,v,e,l
t,e,d,d,y
v,o,m,i,t
m,o,a,n,s
a,l,l,o,t
d,e,f,e,r
w,i,e,l,d
v,i,p,e,r
l,o,u,s,e
e,r,r,e,d
h,e,w,e,d
a,b,h,o,r
w,r,e,s,t
w,a,x,e,n
a,d,a,g,e
a,r,d,o,r
s,t,a,b,s
p,o,r,e,d
r,o,n,d,o
l,o,p,e,d
f,i,s,h,y
b,i,b,l,e
h,i,r,e,s
f,o,a,l,s
f,e,u,d,s
j,a,m,b,s
t,h,u,d,s
j,e,e,r,s
k,n,e,a,d
q,u,i,r,k
r,u,g,b,y
e,x,p,e,l
g,r,e,y,s
r,i,g,o,r
e,s,t,e,r
l,y,r,e,s
a,b,a,c,k
g,l,u,e,s
l,o,t,u,s
l,u,r,i,d
r,u,n,g,s
h,u,t,c,h
t,h,y,m,e
v,a,l,e,t
t,o,m,m,y
y,o,k,e,s
e,p,i,c,s
t,r,i,l,l
p,i,k,e,s
o,z,o,n,e
c,a,p,e,r
c,h,i,m,e
f,r,e,e,s
f,a,m,e,d
l,e,e,c,h
s,m,i,t,e
n,e,i,g,h
e,r,o,d,e
r,o,b,e,d
h,o,a,r,d
s,a,l,v,e
c,o,n,i,c
g,a,w,k,y
c,r,a,z,e
j,a,c,k,s
g,l,o,a,t
m,u,s,h,y
r,u,m,p,s
f,e,t,u,s
w,i,n,c,e
p,i,n,k,s
s,h,a,l,t
t,o,o,t,s
g,l,e,n,s
c,o,o,e,d
r,u,s,t,s
s,t,e,w,s
s,h,r,e,d
p,a,r,k,a
c,h,u,g,s
w,i,n,k,s
c,l,o,t,s
s,h,r,e,w
b,o,o,e,d
f,i,l,m,y
j,u,r,o,r
d,e,n,t,s
g,u,m,m,y
g,r,a,y,s
h,o,o,k,y
b,u,t,t,e
d,o,g,i,e
p,o,l,e,d
r,e,a,m,s
f,i,f,e,s
s,p,a,n,k
g,a,y,e,r
t,e,p,i,d
s,p,o,o,k
t,a,i,n,t
f,l,i,r,t
r,o,g,u,e
s,p,i,k,y
o,p,a,l,s
m,i,s,e,r
c,o,c,k,y
c,o,y,l,y
b,a,l,m,y
s,l,o,s,h
b,r,a,w,l
a,p,h,i,d
f,a,k,e,d
h,y,d,r,a
b,r,a,g,s
c,h,i,d,e
y,a,n,k,s
a,l,l,a,y
v,i,d,e,o
a,l,t,o,s
e,a,s,e,s
m,e,t,e,d
c,h,a,s,m
l,o,n,g,s
e,x,c,e,l
t,a,f,f,y
i,m,p,e,l
s,a,v,o,r
k,o,a,l,a
q,u,a,y,s
d,a,w,n,s
p,r,o,x,y
c,l,o,v,e
d,u,e,t,s
d,r,e,g,s
t,a,r,d,y
b,r,i,a,r
g,r,i,m,y
u,l,t,r,a
m,e,a,t,y
h,a,l,v,e
w,a,i,l,s
s,u,e,d,e
m,a,u,v,e
e,n,v,o,y
a,r,s,o,n
c,o,v,e,s
g,o,o,e,y
b,r,e,w,s
s,o,f,a,s
c,h,u,m,s
a,m,a,z,e
z,o,o,m,s
a,b,b,o,t
h,a,l,o,s
s,c,o,u,r
s,u,i,n,g
c,r,i,b,s
s,a,g,a,s
e,n,e,m,a
w,o,r,d,y
h,a,r,p,s
c,o,u,p,e
m,o,l,a,r
f,l,o,p,s
w,e,e,p,s
m,i,n,t,s
a,s,h,e,n
f,e,l,t,s
a,s,k,e,w
m,u,n,c,h
m,e,w,e,d
d,i,v,a,n
v,i,c,e,s
j,u,m,b,o
b,l,o,b,s
b,l,o,t,s
s,p,u,n,k
a,c,r,i,d
t,o,p,a,z
c,u,b,e,d
c,l,a,n,s
f,l,e,e,s
s,l,u,r,s
g,n,a,w,s
w,e,l,d,s
f,o,r,d,s
e,m,i,t,s
a,g,a,t,e
p,u,m,a,s
m,e,n,d,s
d,a,r,k,s
d,u,k,e,s
p,l,i,e,s
c,a,n,n,y
h,o,o,t,s
o,o,z,e,s
l,a,m,e,d
f,o,u,l,s
c,l,e,f,s
n,i,c,k,s
m,a,t,e,d
s,k,i,m,s
b,r,u,n,t
t,u,b,e,r
t,i,n,g,e
f,a,t,e,s
d,i,t,t,y
t,h,i,n,s
f,r,e,t,s
e,i,d,e,r
b,a,y,o,u
m,u,l,c,h
f,a,s,t,s
a,m,a,s,s
d,a,m,p,s
m,o,r,n,s
f,r,i,a,r
p,a,l,s,y
v,i,s,t,a
c,r,o,o,n
c,o,n,c,h
u,d,d,e,r
t,a,c,o,s
s,k,i,t,s
m,i,k,e,s
q,u,i,t,s
p,r,e,e,n
a,s,t,e,r
a,d,d,e,r
e,l,e,g,y
p,u,l,p,y
s,c,o,w,s
b,a,l,e,d
h,o,v,e,l
l,a,v,a,s
c,r,a,v,e
o,p,t,i,c
w,e,l,t,s
b,u,s,t,s
k,n,a,v,e
r,a,z,e,d
s,h,i,n,s
t,o,t,e,s
s,c,o,o,t
d,e,a,r,s
c,r,o,c,k
m,u,t,e,s
t,r,i,m,s
s,k,e,i,n
d,o,t,e,d
s,h,u,n,s
v,e,e,r,s
f,a,k,e,s
y,o,k,e,d
w,o,o,e,d
h,a,c,k,s
s,p,r,i,g
w,a,n,d,s
l,u,l,l,s
s,e,e,r,s
s,n,o,b,s
n,o,o,k,s
p,i,n,e,d
p,e,r,k,y
m,o,o,e,d
f,r,i,l,l
d,i,n,e,s
b,o,o,z,e
t,r,i,p,e
p,r,o,n,g
d,r,i,p,s
o,d,d,e,r
l,e,v,e,e
a,n,t,i,c
s,i,d,l,e
p,i,t,h,y
c,o,r,k,s
y,e,l,p,s
j,o,k,e,r
f,l,e,c,k
b,u,f,f,s
s,c,r,a,m
t,i,e,r,s
b,o,g,e,y
d,o,l,e,d
i,r,a,t,e
v,a,l,e,s
c,o,p,e,d
h,a,i,l,s
e,l,u,d,e
b,u,l,k,s
a,i,r,e,d
v,y,i,n,g
s,t,a,g,s
s,t,r,e,w
c,o,c,c,i
p,a,c,t,s
s,c,a,b,s
s,i,l,o,s
d,u,s,t,s
y,o,d,e,l
t,e,r,s,e
j,a,d,e,d
b,a,s,e,r
j,i,b,e,s
f,o,i,l,s
s,w,a,y,s
f,o,r,g,o
s,l,a,y,s
p,r,e,y,s
t,r,e,k,s
q,u,e,l,l
p,e,e,k,s
a,s,s,a,y
l,u,r,k,s
e,j,e,c,t
b,o,a,r,s
t,r,i,t,e
b,e,l,c,h
g,n,a,s,h
w,a,n,e,s
l,u,t,e,s
w,h,i,m,s
d,o,s,e,d
c,h,e,w,y
s,n,i,p,e
u,m,b,r,a
t,e,e,m,s
d,o,z,e,s
k,e,l,p,s
u,p,p,e,d
b,r,a,w,n
d,o,p,e,d
s,h,u,s,h
r,i,n,d,s
s,l,u,s,h
m,o,r,o,n
v,o,i,l,e
w,o,k,e,n
f,j,o,r,d
s,h,e,i,k
j,e,s,t,s
k,a,y,a,k
s,l,e,w,s
t,o,t,e,d
s,a,n,e,r
d,r,a,p,e
p,a,t,t,y
r,a,v,e,s
s,u,l,f,a
g,r,i,s,t
s,k,i,e,d
v,i,x,e,n
c,i,v,e,t
v,o,u,c,h
t,i,a,r,a
h,o,m,e,y
m,o,p,e,d
r,u,n,t,s
s,e,r,g,e
k,i,n,k,y
r,i,l,l,s
c,o,r,n,s
b,r,a,t,s
p,r,i,e,s
a,m,b,l,e
f,r,i,e,s
l,o,o,n,s
t,s,a,r,s
d,a,t,u,m
m,u,s,k,y
p,i,g,m,y
g,n,o,m,e
r,a,v,e,l
o,v,u,l,e
i,c,i,l,y
l,i,k,e,n
l,e,m,u,r
f,r,a,y,s
s,i,l,t,s
s,i,f,t,s
p,l,o,d,s
r,a,m,p,s
t,r,e,s,s
e,a,r,l,s
d,u,d,e,s
w,a,i,v,e
k,a,r,a,t
j,o,l,t,s
p,e,o,n,s
b,e,e,r,s
h,o,r,n,y
p,a,l,e,s
w,r,e,a,k
l,a,i,r,s
l,y,n,c,h
s,t,a,n,k
s,w,o,o,n
i,d,l,e,r
a,b,o,r,t
b,l,i,t,z
e,n,s,u,e
a,t,o,n,e
b,i,n,g,o
r,o,v,e,s
k,i,l,t,s
s,c,a,l,d
a,d,i,o,s
c,y,n,i,c
d,u,l,l,s
m,e,m,o,s
e,l,f,i,n
d,a,l,e,s
p,e,e,l,s
p,e,a,l,s
b,a,r,e,s
s,i,n,u,s
c,r,o,n,e
s,a,b,l,e
h,i,n,d,s
s,h,i,r,k
e,n,r,o,l
w,i,l,t,s
r,o,a,m,s
d,u,p,e,d
c,y,s,t,s
m,i,t,t,s
s,a,f,e,s
s,p,a,t,s
c,o,o,p,s
f,i,l,e,t
k,n,e,l,l
r,e,f,i,t
c,o,v,e,y
p,u,n,k,s
k,i,l,n,s
f,i,t,l,y
a,b,a,t,e
t,a,l,c,s
h,e,e,d,s
d,u,e,l,s
w,a,n,l,y
r,u,f,f,s
g,a,u,s,s
l,a,p,e,l
j,a,u,n,t
w,h,e,l,p
c,l,e,a,t
g,a,u,z,y
d,i,r,g,e
e,d,i,t,s
w,o,r,m,y
m,o,a,t,s
s,m,e,a,r
p,r,o,d,s
b,o,w,e,l
f,r,i,s,k
v,e,s,t,s
b,a,y,e,d
r,a,s,p,s
t,a,m,e,s
d,e,l,v,e
e,m,b,e,d
b,e,f,i,t
w,a,f,e,r
c,e,d,e,d
n,o,v,a,s
f,e,i,g,n
s,p,e,w,s
l,a,r,c,h
h,u,f,f,s
d,o,l,e,s
m,a,m,a,s
h,u,l,k,s
p,r,i,e,d
b,r,i,m,s
i,r,k,e,d
a,s,p,i,c
s,w,i,p,e
m,e,a,l,y
s,k,i,m,p
b,l,u,e,r
s,l,a,k,e
d,o,w,d,y
p,e,n,i,s
b,r,a,y,s
p,u,p,a,s
e,g,r,e,t
f,l,u,n,k
p,h,l,o,x
g,r,i,p,e
p,e,o,n,y
d,o,u,s,e
b,l,u,r,s
d,a,r,n,s
s,l,u,n,k
l,e,f,t,s
c,h,a,t,s
i,n,a,n,e
v,i,a,l,s
s,t,i,l,t
r,i,n,k,s
w,o,o,f,s
w,o,w,e,d
b,o,n,g,s
f,r,o,n,d
i,n,g,o,t
e,v,i,c,t
s,i,n,g,e
s,h,y,e,r
f,l,i,e,d
s,l,o,p,s
d,o,l,t,s
d,r,o,o,l
d,e,l,l,s
w,h,e,l,k
h,i,p,p,y
f,e,t,e,d
e,t,h,e,r
c,o,c,o,s
h,i,v,e,s
j,i,b,e,d
m,a,z,e,s
t,r,i,o,s
s,i,r,u,p
s,q,u,a,b
l,a,t,h,s
l,e,e,r,s
p,a,s,t,a
r,i,f,t,s
l,o,p,e,s
a,l,i,a,s
w,h,i,r,s
d,i,c,e,d
s,l,a,g,s
l,o,d,e,s
f,o,x,e,d
i,d,l,e,d
p,r,o,w,s
p,l,a,i,t
m,a,l,t,s
c,h,a,f,e
c,o,w,e,r
t,o,y,e,d
c,h,e,f,s
k,e,e,l,s
s,t,i,e,s
r,a,c,e,r
e,t,u,d,e
s,u,c,k,s
s,u,l,k,s
m,i,c,a,s
c,z,a,r,s
c,o,p,s,e
a,i,l,e,d
a,b,l,e,r
r,a,b,i,d
g,o,l,d,s
c,r,o,u,p
s,n,a,k,y
v,i,s,a,s
p,a,l,l,s
m,o,p,e,s
b,o,n,e,d
w,i,s,p,y
r,a,v,e,d
s,w,a,p,s
j,u,n,k,y
d,o,i,l,y
p,a,w,n,s
t,a,m,e,r
p,o,a,c,h
b,a,i,t,s
d,a,m,n,s
g,u,m,b,o
d,a,u,n,t
p,r,a,n,k
h,u,n,k,s
b,u,x,o,m
h,e,r,e,s
h,o,n,k,s
s,t,o,w,s
u,n,b,a,r
i,d,l,e,s
r,o,u,t,s
s,a,g,e,s
g,o,a,d,s
r,e,m,i,t
c,o,p,e,s
d,e,i,g,n
c,u,l,l,s
g,i,r,d,s
h,a,v,e,s
l,u,c,k,s
s,t,u,n,k
d,o,d,o,s
s,h,a,m,s
s,n,u,b,s
i,c,o,n,s
u,s,u,r,p
d,o,o,m,s
h,e,l,l,s
s,o,l,e,d
c,o,m,a,s
p,a,v,e,s
m,a,t,h,s
p,e,r,k,s
l,i,m,p,s
w,o,m,b,s
b,l,u,r,b
d,a,u,b,s
c,o,k,e,s
s,o,u,r,s
s,t,u,n,s
c,a,s,e,d
m,u,s,t,s
c,o,e,d,s
c,o,w,e,d
a,p,i,n,g
z,o,n,e,d
r,u,m,m,y
f,e,t,e,s
s,k,u,l,k
q,u,a,f,f
r,a,j,a,h
d,e,a,n,s
r,e,a,p,s
g,a,l,a,s
t,i,l,l,s
r,o,v,e,d
k,u,d,o,s
t,o,n,e,d
p,a,r,e,d
s,c,u,l,l
v,e,x,e,s
p,u,n,t,s
s,n,o,o,p
b,a,i,l,s
d,a,m,e,s
h,a,z,e,s
l,o,r,e,s
m,a,r,t,s
v,o,i,d,s
a,m,e,b,a
r,a,k,e,s
a,d,z,e,s
h,a,r,m,s
r,e,a,r,s
s,a,t,y,r
s,w,i,l,l
h,e,x,e,s
c,o,l,i,c
l,e,e,k,s
h,u,r,l,s
y,o,w,l,s
i,v,i,e,s
p,l,o,p,s
m,u,s,k,s
p,a,p,a,w
j,e,l,l,s
b,u,s,e,d
c,r,u,e,t
b,i,d,e,d
f,i,l,c,h
z,e,s,t,s
r,o,o,k,s
l,a,x,l,y
r,e,n,d,s
l,o,a,m,s
b,a,s,k,s
s,i,r,e,s
c,a,r,p,s
p,o,k,e,y
f,l,i,t,s
m,u,s,e,s
b,a,w,l,s
s,h,u,c,k
v,i,l,e,r
l,i,s,p,s
p,e,e,p,s
s,o,r,e,r
l,o,l,l,s
p,r,u,d,e
d,i,k,e,d
f,l,o,s,s
f,l,o,g,s
s,c,u,m,s
d,o,p,e,s
b,o,g,i,e
p,i,n,k,y
l,e,a,f,s
t,u,b,a,s
s,c,a,d,s
l,o,w,e,d
y,e,s,e,s
b,i,k,e,d
q,u,a,l,m
e,v,e,n,s
c,a,n,e,d
g,a,w,k,s
w,h,i,t,s
w,o,o,l,y
g,l,u,t,s
r,o,m,p,s
b,e,s,t,s
d,u,n,c,e
c,r,o,n,y
j,o,i,s,t
t,u,n,a,s
b,o,n,e,r
m,a,l,l,s
p,a,r,c,h
a,v,e,r,s
c,r,a,m,s
p,a,r,e,s
d,a,l,l,y
b,i,g,o,t
k,a,l,e,s
f,l,a,y,s
l,e,a,c,h
g,u,s,h,y
p,o,o,c,h
h,u,g,e,r
s,l,y,e,r
g,o,l,f,s
m,i,r,e,s
f,l,u,e,s
l,o,a,f,s
a,r,c,e,d
a,c,n,e,s
n,e,o,n,s
f,i,e,f,s
d,i,n,t,s
d,a,z,e,s
p,o,u,t,s
c,o,r,e,d
y,u,l,e,s
l,i,l,t,s
b,e,e,f,s
m,u,t,t,s
f,e,l,l,s
c,o,w,l,s
s,p,u,d,s
l,a,m,e,s
j,a,w,e,d
d,u,p,e,s
d,e,a,d,s
b,y,l,a,w
n,o,o,n,s
n,i,f,t,y
c,l,u,e,d
v,i,r,e,o
g,a,p,e,s
m,e,t,e,s
c,u,t,e,r
m,a,i,m,s
d,r,o,l,l
c,u,p,i,d
m,a,u,l,s
s,e,d,g,e
p,a,p,a,s
w,h,e,y,s
e,k,i,n,g
l,o,o,t,s
h,i,l,t,s
m,e,o,w,s
b,e,a,u,s
d,i,c,e,s
p,e,p,p,y
r,i,p,e,r
f,o,g,e,y
g,i,s,t,s
y,o,g,a,s
g,i,l,t,s
s,k,e,w,s
c,e,d,e,s
z,e,a,l,s
a,l,u,m,s
o,k,a,y,s
e,l,o,p,e
g,r,u,m,p
w,a,f,t,s
s,o,o,t,s
b,l,i,m,p
h,e,f,t,s
m,u,l,l,s
h,o,s,e,d
c,r,e,s,s
d,o,f,f,s
r,u,d,e,r
p,i,x,i,e
w,a,i,f,s
o,u,s,t,s
p,u,c,k,s
b,i,e,r,s
g,u,l,c,h
s,u,e,t,s
h,o,b,o,s
l,i,n,t,s
b,r,a,n,s
t,e,a,l,s
g,a,r,b,s
p,e,w,e,e
h,e,l,m,s
t,u,r,f,s
q,u,i,p,s
w,e,n,d,s
b,a,n,e,s
n,a,p,e,s
i,c,i,e,r
s,w,a,t,s
b,a,g,e,l
h,e,x,e,d
o,g,r,e,s
g,o,n,e,r
g,i,l,d,s
p,y,r,e,s
l,a,r,d,s
b,i,d,e,s
p,a,g,e,d
t,a,l,o,n
f,l,o,u,t
m,e,d,i,c
v,e,a,l,s
p,u,t,t,s
d,i,r,k,s
d,o,t,e,s
t,i,p,p,y
b,l,u,r,t
p,i,t,h,s
a,c,i,n,g
b,a,r,e,r
w,h,e,t,s
g,a,i,t,s
w,o,o,l,s
d,u,n,k,s
h,e,r,o,s
s,w,a,b,s
d,i,r,t,s
j,u,t,e,s
h,e,m,p,s
s,u,r,f,s
o,k,a,p,i
c,h,o,w,s
s,h,o,o,s
d,u,s,k,s
p,a,r,r,y
d,e,c,a,l
f,u,r,l,s
c,i,l,i,a
s,e,a,r,s
n,o,v,a,e
m,u,r,k,s
w,a,r,p,s
s,l,u,e,s
l,a,m,e,r
s,a,r,i,s
w,e,a,n,s
p,u,r,r,s
d,i,l,l,s
t,o,g,a,s
n,e,w,t,s
m,e,a,n,y
b,u,n,t,s
r,a,z,e,s
g,o,o,n,s
w,i,c,k,s
r,u,s,e,s
v,e,n,d,s
g,e,o,d,e
d,r,a,k,e
j,u,d,o,s
l,o,f,t,s
p,u,l,p,s
l,a,u,d,s
m,u,c,k,s
v,i,s,e,s
m,o,c,h,a
o,i,l,e,d
r,o,m,a,n
e,t,h,y,l
g,o,t,t,a
f,u,g,u,e
s,m,a,c,k
g,o,u,r,d
b,u,m,p,y
r,a,d,i,x
f,a,t,t,y
b,o,r,a,x
c,u,b,i,t
c,a,c,t,i
g,a,m,m,a
f,o,c,a,l
a,v,a,i,l
p,a,p,a,l
g,o,l,l,y
e,l,i,t,e
v,e,r,s,a
b,i,l,l,y
a,d,i,e,u
a,n,n,u,m
h,o,w,d,y
r,h,i,n,o
n,o,r,m,s
b,o,b,b,y
a,x,i,o,m
s,e,t,u,p
y,o,l,k,s
t,e,r,n,s
m,i,x,e,r
g,e,n,r,e
k,n,o,l,l
a,b,o,d,e
j,u,n,t,a
g,o,r,g,e
c,o,m,b,o
a,l,p,h,a
o,v,e,r,t
k,i,n,d,a
s,p,e,l,t
p,r,i,c,k
n,o,b,l,y
e,p,h,o,d
a,u,d,i,o
m,o,d,a,l
v,e,l,d,t
w,a,r,t,y
f,l,u,k,e
b,o,n,n,y
b,r,e,a,m
r,o,s,i,n
b,o,l,l,s
d,o,e,r,s
d,o,w,n,s
b,e,a,d,y
m,o,t,i,f
h,u,m,p,h
f,e,l,l,a
m,o,u,l,d
c,r,e,p,e
k,e,r,n,s
a,l,o,h,a
g,l,y,p,h
a,z,u,r,e
r,i,s,e,r
b,l,e,s,t
l,o,c,u,s
l,u,m,p,y
b,e,r,y,l
w,a,n,n,a
b,r,i,e,r
t,u,n,e,r
r,o,w,d,y
m,u,r,a,l
t,i,m,e,r
c,a,n,s,t
k,r,i,l,l
q,u,o,t,h
l,e,m,m,e
t,r,i,a,d
t,e,n,o,n
a,m,p,l,y
d,e,e,p,s
p,a,d,r,e
l,e,a,n,t
p,a,c,e,r
o,c,t,a,l
d,o,l,l,y
t,r,a,n,s
s,u,m,a,c
f,o,a,m,y
l,o,l,l,y
g,i,v,e,r
q,u,i,p,u
c,o,d,e,x
m,a,n,n,a
u,n,w,e,d
v,o,d,k,a
f,e,r,n,y
s,a,l,o,n
d,u,p,l,e
b,o,r,o,n
r,e,v,u,e
c,r,i,e,r
a,l,a,c,k
i,n,t,e,r
d,i,l,l,y
w,h,i,s,t
c,u,l,t,s
s,p,a,k,e
r,e,s,e,t
l,o,e,s,s
d,e,c,o,r
m,o,v,e,r
v,e,r,v,e
e,t,h,i,c
g,a,m,u,t
l,i,n,g,o
d,u,n,n,o
a,l,i,g,n
s,i,s,s,y
i,n,c,u,r
r,e,e,d,y
a,v,a,n,t
p,i,p,e,r
w,a,x,e,r
c,a,l,y,x
b,a,s,i,l
c,o,o,n,s
s,e,i,n,e
p,i,n,e,y
l,e,m,m,a
t,r,a,m,s
w,i,n,c,h
w,h,i,r,r
s,a,i,t,h
i,o,n,i,c
h,e,a,d,y
h,a,r,e,m
t,u,m,m,y
s,a,l,l,y
s,h,i,e,d
d,r,o,s,s
f,a,r,a,d
s,a,v,e,r
t,i,l,d,e
j,i,n,g,o
b,o,w,e,r
s,e,r,i,f
f,a,c,t,o
b,e,l,l,e
i,n,s,e,t
b,o,g,u,s
c,a,v,e,d
f,o,r,t,e
s,o,o,t,y
b,o,n,g,o
t,o,v,e,s
c,r,e,d,o
b,a,s,a,l
y,e,l,l,a
a,g,l,o,w
g,l,e,a,n
g,u,s,t,o
h,y,m,e,n
e,t,h,o,s
t,e,r,r,a
b,r,a,s,h
s,c,r,i,p
s,w,a,s,h
a,l,e,p,h
t,i,n,n,y
i,t,c,h,y
w,a,n,t,a
t,r,i,c,e
j,o,w,l,s
g,o,n,g,s
g,a,r,d,e
b,o,r,i,c
t,w,i,l,l
s,o,w,e,r
h,e,n,r,y
a,w,a,s,h
l,i,b,e,l
s,p,u,r,n
s,a,b,r,e
r,e,b,u,t
p,e,n,a,l
o,b,e,s,e
s,o,n,n,y
q,u,i,r,t
m,e,b,b,e
t,a,c,i,t
g,r,e,e,k
x,e,n,o,n
h,u,l,l,o
p,i,q,u,e
r,o,g,e,r
n,e,g,r,o
h,a,d,s,t
g,e,c,k,o
b,e,g,e,t
u,n,c,u,t
a,l,o,e,s
l,o,u,i,s
q,u,i,n,t
c,l,u,n,k
r,a,p,e,d
s,a,l,v,o
d,i,o,d,e
m,a,t,e,y
h,e,r,t,z
x,y,l,e,m
k,i,o,s,k
a,p,a,c,e
c,a,w,e,d
p,e,t,e,r
w,e,n,c,h
c,o,h,o,s
s,o,r,t,a
g,a,m,b,a
b,y,t,e,s
t,a,n,g,o
n,u,t,t,y
a,x,i,a,l
a,l,e,c,k
n,a,t,a,l
c,l,o,m,p
g,o,r,e,d
s,i,r,e,e
b,a,n,d,y
g,u,n,n,y
r,u,n,i,c
w,h,i,z,z
r,u,p,e,e
f,a,t,e,d
w,i,p,e,r
b,a,r,d,s
b,r,i,n,y
s,t,a,i,d
h,o,c,k,s
o,c,h,r,e
y,u,m,m,y
g,e,n,t,s
s,o,u,p,y
r,o,p,e,r
s,w,a,t,h
c,a,m,e,o
e,d,g,e,r
s,p,a,t,e
g,i,m,m,e
e,b,b,e,d
b,r,e,v,e
t,h,e,t,a
d,e,e,m,s
d,y,k,e,s
s,e,r,v,o
t,e,l,l,y
t,a,b,b,y
t,a,r,e,s
b,l,o,c,s
w,e,l,c,h
g,h,o,u,l
v,i,t,a,e
c,u,m,i,n
d,i,n,k,y
b,r,o,n,c
t,a,b,o,r
t,e,e,n,y
c,o,m,e,r
b,o,r,e,r
s,i,r,e,d
p,r,i,v,y
m,a,m,m,y
d,e,a,r,y
g,y,r,o,s
s,p,r,i,t
c,o,n,g,a
q,u,i,r,e
t,h,u,g,s
f,u,r,o,r
b,l,o,k,e
r,u,n,e,s
b,a,w,d,y
c,a,d,r,e
t,o,x,i,n
a,n,n,u,l
e,g,g,e,d
a,n,i,o,n
n,o,d,e,s
p,i,c,k,y
s,t,e,i,n
j,e,l,l,o
a,u,d,i,t
e,c,h,o,s
f,a,g,o,t
l,e,t,u,p
e,y,r,i,e
f,o,u,n,t
c,a,p,e,d
a,x,o,n,s
a,m,u,c,k
b,a,n,a,l
r,i,l,e,d
p,e,t,i,t
u,m,b,e,r
m,i,l,e,r
f,i,b,r,e
a,g,a,v,e
b,a,t,e,d
b,i,l,g,e
v,i,t,r,o
f,e,i,n,t
p,u,d,g,y
m,a,t,e,r
m,a,n,i,c
u,m,p,e,d
p,e,s,k,y
s,t,r,e,p
s,l,u,r,p
p,y,l,o,n
p,u,r,e,e
c,a,r,e,t
t,e,m,p,s
n,e,w,e,l
y,a,w,n,s
s,e,e,d,y
t,r,e,e,d
c,o,u,p,s
r,a,n,g,y
b,r,a,d,s
m,a,n,g,y
l,o,n,e,r
c,i,r,c,a
t,i,b,i,a
a,f,o,u,l
m,o,m,m,y
t,i,t,e,r
c,a,r,n,e
k,o,o,k,y
m,o,t,e,s
a,m,i,t,y
s,u,a,v,e
h,i,p,p,o
c,u,r,v,y
s,a,m,b,a
n,e,w,s,y
a,n,i,s,e
i,m,a,m,s
t,u,l,l,e
a,w,a,y,s
l,i,v,e,n
h,a,l,l,o
w,a,l,e,s
o,p,t,e,d
c,a,n,t,o
i,d,y,l,l
b,o,d,e,s
c,u,r,i,o
w,r,a,c,k
h,i,k,e,r
c,h,i,v,e
y,o,k,e,l
d,o,t,t,y
d,e,m,u,r
c,u,s,p,s
s,p,e,c,s
q,u,a,d,s
l,a,i,t,y
t,o,n,e,r
d,e,c,r,y
w,r,i,t,s
s,a,u,t,e
c,l,a,c,k
a,u,g,h,t
l,o,g,o,s
t,i,p,s,y
n,a,t,t,y
d,u,c,a,l
b,i,d,e,t
b,u,l,g,y
m,e,t,r,e
l,u,s,t,s
u,n,a,r,y
g,o,e,t,h
b,a,l,e,r
s,i,t,e,d
s,h,i,e,s
h,a,s,p,s
b,r,u,n,g
h,o,l,e,d
s,w,a,n,k
l,o,o,k,y
m,e,l,e,e
h,u,f,f,y
l,o,a,m,y
p,i,m,p,s
t,i,t,a,n
b,i,n,g,e
s,h,u,n,t
f,e,m,u,r
l,i,b,r,a
s,e,d,e,r
h,o,n,e,d
a,n,n,a,s
c,o,y,p,u
s,h,i,m,s
z,o,w,i,e
j,i,h,a,d
s,a,v,v,y
n,a,d,i,r
b,a,s,s,o
m,o,n,i,c
m,a,n,e,d
m,o,u,s,y
o,m,e,g,a
l,a,v,e,r
p,r,i,m,a
p,i,c,a,s
f,o,l,i,o
m,e,c,c,a
r,e,a,l,s
t,r,o,t,h
t,e,s,t,y
b,a,l,k,y
c,r,i,m,p
c,h,i,n,k
a,b,e,t,s
s,p,l,a,t
a,b,a,c,i
v,a,u,n,t
c,u,t,i,e
p,a,s,t,y
m,o,r,a,y
l,e,v,i,s
r,a,t,t,y
i,s,l,e,t
j,o,u,s,t
m,o,t,e,t
v,i,r,a,l
n,u,k,e,s
g,r,a,d,s
c,o,m,f,y
v,o,i,l,a
w,o,o,z,y
b,l,u,e,d
w,h,o,m,p
s,w,a,r,d
m,e,t,r,o
s,k,e,e,t
c,h,i,n,e
a,e,r,i,e
b,o,w,i,e
t,u,b,b,y
e,m,i,r,s
c,o,a,t,i
u,n,z,i,p
s,l,o,b,s
t,r,i,k,e
f,u,n,k,y
d,u,c,a,t
d,e,w,e,y
s,k,o,a,l
w,a,d,i,s
o,o,m,p,h
t,a,k,e,r
m,i,n,i,m
g,e,t,u,p
s,t,o,i,c
s,y,n,o,d
r,u,n,t,y
f,l,y,b,y
b,r,a,z,e
i,n,l,a,y
v,e,n,u,e
l,o,u,t,s
p,e,a,t,y
o,r,l,o,n
h,u,m,p,y
r,a,d,o,n
b,e,a,u,t
r,a,s,p,y
u,n,f,e,d
c,r,i,c,k
n,a,p,p,y
v,i,z,o,r
y,i,p,e,s
r,e,b,u,s
d,i,v,o,t
k,i,w,i,s
v,e,t,c,h
s,q,u,i,b
s,i,t,a,r
k,i,d,d,o
d,y,e,r,s
c,o,t,t,a
m,a,t,z,o
l,a,g,e,r
z,e,b,u,s
c,r,a,s,s
d,a,c,h,a
k,n,e,e,d
d,i,c,t,a
f,a,k,i,r
k,n,u,r,l
r,u,n,n,y
u,n,p,i,n
j,u,l,e,p
g,l,o,b,s
n,u,d,e,s
s,u,s,h,i
t,a,c,k,y
s,t,o,k,e
k,a,p,u,t
b,u,t,c,h
h,u,l,a,s
c,r,o,f,t
a,c,h,o,o
g,e,n,i,i
n,o,d,a,l
o,u,t,g,o
s,p,i,e,l
v,i,o,l,s
f,e,t,i,d
c,a,g,e,y
f,u,d,g,y
e,p,o,x,y
l,e,g,g,y
h,a,n,k,y
l,a,p,i,s
f,e,l,o,n
b,e,e,f,y
c,o,o,t,s
m,e,l,b,a
c,a,d,d,y
s,e,g,u,e
b,e,t,e,l
f,r,i,z,z
d,r,e,a,r
k,o,o,k,s
t,u,r,b,o
h,o,a,g,y
m,o,u,l,t
h,e,l,i,x
z,o,n,a,l
a,r,i,a,s
n,o,s,e,y
p,a,e,a,n
l,a,c,e,y
b,a,n,n,s
s,w,a,i,n
f,r,y,e,r
r,e,t,c,h
t,e,n,e,t
g,i,g,a,s
w,h,i,n,y
o,g,l,e,d
r,u,m,e,n
b,e,g,o,t
c,r,u,s,e
a,b,u,t,s
r,i,v,e,n
b,a,l,k,s
s,i,n,e,s
s,i,g,m,a
a,b,a,s,e
e,n,n,u,i
g,o,r,e,s
u,n,s,e,t
a,u,g,u,r
s,a,t,e,d
o,d,i,u,m
l,a,t,i,n
d,i,n,g,s
m,o,i,r,e
s,c,i,o,n
h,e,n,n,a
k,r,a,u,t
d,i,c,k,s
l,i,f,e,r
p,r,i,g,s
b,e,b,o,p
g,a,g,e,s
g,a,z,e,r
f,a,n,n,y
g,i,b,e,s
a,u,r,a,l
t,e,m,p,i
h,o,o,c,h
r,a,p,e,s
s,n,u,c,k
h,a,r,t,s
t,e,c,h,s
e,m,e,n,d
n,i,n,n,y
g,u,a,v,a
s,c,a,r,p
l,i,e,g,e
t,u,f,t,y
s,e,p,i,a
t,o,m,e,s
c,a,r,o,b
e,m,c,e,e
p,r,a,m,s
p,o,s,e,r
v,e,r,s,o
h,u,b,b,a
j,o,u,l,e
b,a,i,z,e
b,l,i,p,s
s,c,r,i,m
c,u,b,b,y
c,l,a,v,e
w,i,n,o,s
r,e,a,r,m
l,i,e,n,s
l,u,m,e,n
c,h,u,m,p
n,a,n,n,y
t,r,u,m,p
f,i,c,h,u
c,h,o,m,p
h,o,m,o,s
p,u,r,t,y
m,a,s,e,r
w,o,o,s,h
p,a,t,s,y
s,h,i,l,l
r,u,s,k,s
a,v,a,s,t
s,w,a,m,i
b,o,d,e,d
a,h,h,h,h
l,o,b,e,d
n,a,t,c,h
s,h,i,s,h
t,a,n,s,y
s,n,o,o,t
p,a,y,e,r
a,l,t,h,o
s,a,p,p,y
l,a,x,e,r
h,u,b,b,y
a,e,g,i,s
r,i,l,e,s
d,i,t,t,o
j,a,z,z,y
d,i,n,g,o
q,u,a,s,i
s,e,p,t,a
p,e,a,k,y
l,o,r,r,y
h,e,e,r,d
b,i,t,t,y
p,a,y,e,e
s,e,a,m,y
a,p,s,e,s
i,m,b,u,e
b,e,l,i,e
c,h,a,r,y
s,p,o,o,f
p,h,y,l,a
c,l,i,m,e
b,a,b,e,l
w,a,c,k,y
s,u,m,p,s
s,k,i,d,s
k,h,a,n,s
c,r,y,p,t
i,n,u,r,e
n,o,n,c,e
o,u,t,e,n
f,a,i,r,e
h,o,o,e,y
a,n,o,l,e
k,a,z,o,o
c,a,l,v,e
l,i,m,b,o
a,r,g,o,t
d,u,c,k,y
f,a,k,e,r
v,i,b,e,s
g,a,s,s,y
u,n,l,i,t
n,e,r,v,y
f,e,m,m,e
b,i,t,e,r
f,i,c,h,e
b,o,o,r,s
g,a,f,f,e
s,a,x,e,s
r,e,c,a,p
s,y,n,c,h
f,a,c,i,e
d,i,c,e,y
o,u,i,j,a
h,e,w,e,r
l,e,g,i,t
g,u,r,u,s
e,d,i,f,y
t,w,e,a,k
c,a,r,o,n
t,y,p,o,s
r,e,r,u,n
p,o,l,l,y
s,u,r,d,s
h,a,m,z,a
n,u,l,l,s
h,a,t,e,r
l,e,f,t,y
m,o,g,u,l
m,a,f,i,a
d,e,b,u,g
p,a,t,e,s
b,l,a,b,s
s,p,l,a,y
t,a,l,u,s
p,o,r,n,o
m,o,o,l,a
n,i,x,e,d
k,i,l,o,s
s,n,i,d,e
h,o,r,s,y
g,e,s,s,o
j,a,g,g,y
t,r,o,v,e
n,i,x,e,s
c,r,e,e,l
p,a,t,e,r
i,o,t,a,s
c,a,d,g,e
s,k,y,e,d
h,o,k,u,m
f,u,r,z,e
a,n,k,h,s
c,u,r,i,e
n,u,t,s,y
h,i,l,u,m
r,e,m,i,x
a,n,g,s,t
b,u,r,l,s
j,i,m,m,y
v,e,i,n,y
t,r,y,s,t
c,o,d,o,n
b,e,f,o,g
g,a,m,e,d
f,l,u,m,e
a,x,m,a,n
d,o,o,z,y
l,u,b,e,s
r,h,e,a,s
b,o,z,o,s
b,u,t,y,l
k,e,l,l,y
m,y,n,a,h
j,o,c,k,s
d,o,n,u,t
a,v,i,a,n
w,u,r,s,t
c,h,o,c,k
q,u,a,s,h
q,u,a,l,s
h,a,y,e,d
b,o,m,b,e
c,u,s,h,y
s,p,a,c,y
p,u,k,e,d
l,e,e,r,y
t,h,e,w,s
p,r,i,n,k
a,m,e,n,s
t,e,s,l,a
i,n,t,r,o
f,i,v,e,r
f,r,u,m,p
c,a,p,o,s
o,p,i,n,e
c,o,d,e,r
n,a,m,e,r
j,o,w,l,y
p,u,k,e,s
h,a,l,e,d
c,h,a,r,d
d,u,f,f,s
b,r,u,i,n
r,e,u,s,e
w,h,a,n,g
t,o,o,n,s
f,r,a,t,s
s,i,l,t,y
t,e,l,e,x
c,u,t,u,p
n,i,s,e,i
n,e,a,t,o
d,e,c,a,f
s,o,f,t,y
b,i,m,b,o
a,d,l,i,b
l,o,o,n,y
s,h,o,e,d
a,g,u,e,s
p,e,e,v,e
n,o,w,a,y
g,a,m,e,y
s,a,r,g,e
r,e,r,a,n
e,p,a,c,t
p,o,t,t,y
c,o,n,e,d
u,p,e,n,d
n,a,r,c,o
i,k,a,t,s
w,h,o,r,l
j,i,n,k,s
t,i,z,z,y
w,e,e,p,y
p,o,s,i,t
m,a,r,g,e
v,e,g,a,n
c,l,o,p,s
n,u,m,b,s
r,e,e,k,s
r,u,b,e,s
r,o,w,e,r
b,i,p,e,d
t,i,f,f,s
h,o,c,u,s
h,a,m,m,y
b,u,n,c,o
f,i,x,i,t
t,y,k,e,s
c,h,a,w,s
y,u,c,k,y
h,o,k,e,y
r,e,s,e,w
m,a,v,e,n
a,d,m,a,n
s,c,u,z,z
s,l,o,g,s
s,o,u,s,e
n,a,c,h,o
m,i,m,e,d
m,e,l,d,s
b,o,f,f,o
d,e,b,i,t
p,i,n,u,p
v,a,g,u,s
g,u,l,a,g
r,a,n,d,y
b,o,s,u,n
e,d,u,c,e
f,a,x,e,s
a,u,r,a,s
p,e,s,t,o
a,n,t,s,y
b,e,t,a,s
f,i,z,z,y
d,o,r,k,y
s,n,i,t,s
m,o,x,i,e
t,h,a,n,e
m,y,l,a,r
n,o,b,b,y
g,a,m,i,n
g,o,u,t,y
e,s,s,e,s
g,o,y,i,m
p,a,n,e,d
d,r,u,i,d
j,a,d,e,s
r,e,h,a,b
g,o,f,e,r
t,z,a,r,s
o,c,t,e,t
h,o,m,e,d
s,o,c,k,o
d,o,r,k,s
e,a,r,e,d
a,n,t,e,d
e,l,i,d,e
f,a,z,e,s
o,x,b,o,w
d,o,w,s,e
s,i,t,u,s
m,a,c,a,w
s,c,o,n,e
d,r,i,l,y
h,y,p,e,r
s,a,l,s,a
m,o,o,c,h
g,a,t,e,d
u,n,j,a,m
l,i,p,i,d
m,i,t,r,e
v,e,n,a,l
k,n,i,s,h
r,i,t,z,y
d,i,v,a,s
t,o,r,u,s
m,a,n,g,e
d,i,m,e,r
r,e,c,u,t
m,e,s,o,n
w,i,n,e,d
f,e,n,d,s
p,h,a,g,e
f,i,a,t,s
c,a,u,l,k
c,a,v,i,l
p,a,n,t,y
r,o,a,n,s
b,i,l,k,s
h,o,n,e,s
b,o,t,c,h
e,s,t,o,p
s,u,l,l,y
s,o,o,t,h
g,e,l,d,s
a,h,o,l,d
r,a,p,e,r
p,a,g,e,r
f,i,x,e,r
i,n,f,i,x
h,i,c,k,s
t,u,x,e,s
p,l,e,b,e
t,w,i,t,s
a,b,a,s,h
t,w,i,x,t
w,a,c,k,o
p,r,i,m,p
n,a,b,l,a
g,i,r,t,s
m,i,f,f,s
e,m,o,t,e
x,e,r,o,x
r,e,b,i,d
s,h,a,h,s
r,u,t,t,y
g,r,o,u,t
g,r,i,f,t
d,e,i,f,y
b,i,d,d,y
k,o,p,e,k
s,e,m,i,s
b,r,i,e,s
a,c,m,e,s
p,i,t,o,n
h,u,s,s,y
t,o,r,t,s
d,i,s,c,o
w,h,o,r,e
b,o,o,z,y
g,i,b,e,d
v,a,m,p,s
a,m,o,u,r
s,o,p,p,y
g,o,n,z,o
d,u,r,s,t
w,a,d,e,r
t,u,t,u,s
p,e,r,m,s
c,a,t,t,y
g,l,i,t,z
b,r,i,g,s
n,e,r,d,s
b,a,r,m,y
g,i,z,m,o
o,w,l,e,t
s,a,y,e,r
m,o,l,l,s
s,h,a,r,d
w,h,o,p,s
c,o,m,p,s
c,o,r,e,r
c,o,l,a,s
m,a,t,t,e
d,r,o,i,d
p,l,o,y,s
v,a,p,i,d
c,a,i,r,n
d,e,i,s,m
m,i,x,u,p
y,i,k,e,s
p,r,o,s,y
r,a,k,e,r
f,l,u,b,s
w,h,i,s,h
r,e,i,f,y
c,r,a,p,s
s,h,a,g,s
c,l,o,n,e
h,a,z,e,d
m,a,c,h,o
r,e,c,t,o
r,e,f,i,x
d,r,a,m,s
b,i,k,e,r
a,q,u,a,s
p,o,r,k,y
d,o,y,e,n
e,x,u,d,e
g,o,o,f,s
d,i,v,v,y
n,o,e,l,s
j,i,v,e,d
h,u,l,k,y
c,a,g,e,r
h,a,r,p,y
o,l,d,i,e
v,i,v,a,s
a,d,m,i,x
c,o,d,a,s
z,i,l,c,h
d,e,i,s,t
o,r,c,a,s
r,e,t,r,o
p,i,l,a,f
p,a,r,s,e
r,a,n,t,s
z,i,n,g,y
t,o,d,d,y
c,h,i,f,f
m,i,c,r,o
v,e,e,p,s
g,i,r,l,y
n,e,x,u,s
d,e,m,o,s
b,i,b,b,s
a,n,t,e,s
l,u,l,u,s
g,n,a,r,l
z,i,p,p,y
i,v,i,e,d
e,p,e,e,s
w,i,m,p,s
t,r,o,m,p
g,r,a,i,l
y,o,y,o,s
p,o,u,f,s
h,a,l,e,s
r,o,u,s,t
c,a,b,a,l
r,a,w,e,r
p,a,m,p,a
m,o,s,e,y
k,e,f,i,r
b,u,r,g,s
u,n,m,e,t
c,u,s,p,y
b,o,o,b,s
b,o,o,n,s
h,y,p,e,s
d,y,n,e,s
n,a,r,d,s
l,a,n,a,i
y,o,g,i,s
s,e,p,a,l
q,u,a,r,k
t,o,k,e,d
p,r,a,t,e
a,y,i,n,s
h,a,w,e,d
s,w,i,g,s
v,i,t,a,s
t,o,k,e,r
d,o,p,e,r
b,o,s,s,a
l,i,n,t,y
f,o,i,s,t
m,o,n,d,o
s,t,a,s,h
k,a,y,o,s
t,w,e,r,p
z,e,s,t,y
c,a,p,o,n
w,i,m,p,y
r,e,w,e,d
f,u,n,g,o
t,a,r,o,t
f,r,o,s,h
k,a,b,o,b
p,i,n,k,o
r,e,d,i,d
m,i,m,e,o
h,e,i,s,t
t,a,r,p,s
l,a,m,a,s
s,u,t,r,a
d,i,n,a,r
w,h,a,m,s
b,u,s,t,y
s,p,a,y,s
m,a,m,b,o
n,a,b,o,b
p,r,e,p,s
o,d,o,u,r
c,a,b,b,y
c,o,n,k,s
s,l,u,f,f
d,a,d,o,s
h,o,u,r,i
s,w,a,r,t
b,a,l,m,s
g,u,t,s,y
f,a,x,e,d
e,g,a,d,s
p,u,s,h,y
r,e,t,r,y
a,g,o,r,a
d,r,u,b,s
d,a,f,f,y
c,h,i,t,s
m,u,f,t,i
k,a,r,m,a
l,o,t,t,o
t,o,f,f,s
b,u,r,p,s
d,e,u,c,e
z,i,n,g,s
k,a,p,p,a
c,l,a,d,s
d,o,g,g,y
d,u,p,e,r
s,c,a,m,s
o,g,l,e,r
m,i,m,e,s
t,h,r,o,e
z,e,t,a,s
w,a,l,e,d
p,r,o,m,o
b,l,a,t,s
m,u,f,f,s
o,i,n,k,s
v,i,a,n,d
c,o,s,e,t
f,i,n,k,s
f,a,d,d,y
m,i,n,i,s
s,n,a,f,u
s,a,u,n,a
u,s,u,r,y
m,u,x,e,s
c,r,a,w,s
s,t,a,t,s
c,o,n,d,o
c,o,x,e,s
l,o,o,p,y
d,o,r,m,s
a,s,c,o,t
d,i,p,p,y
e,x,e,c,s
d,o,p,e,y
e,n,v,o,i
u,m,p,t,y
g,i,s,m,o
f,a,z,e,d
s,t,r,o,p
j,i,v,e,s
s,l,i,m,s
b,a,t,i,k
p,i,n,g,s
s,o,n,l,y
l,e,g,g,o
p,e,k,o,e
p,r,a,w,n
l,u,a,u,s
c,a,m,p,y
o,o,d,l,e
p,r,e,x,y
p,r,o,m,s
t,o,u,t,s
o,g,l,e,s
t,w,e,e,t
t,o,a,d,y
n,a,i,a,d
h,i,d,e,r
n,u,k,e,d
f,a,t,s,o
s,l,u,t,s
o,b,i,t,s
n,a,r,c,s
t,y,r,o,s
d,e,l,i,s
w,o,o,e,r
h,y,p,e,d
p,o,s,e,t
b,y,w,a,y
t,e,x,a,s
s,c,r,o,d
a,v,o,w,s
f,u,t,o,n
t,o,r,t,e
t,u,p,l,e
c,a,r,o,m
k,e,b,a,b
t,a,m,p,s
j,i,l,t,s
d,u,a,l,s
a,r,t,s,y
r,e,p,r,o
m,o,d,e,m
t,o,p,e,d
p,s,y,c,h
s,i,c,k,o
k,l,u,t,z
t,a,r,n,s
c,o,x,e,d
d,r,a,y,s
c,l,o,y,s
a,n,d,e,d
p,i,k,e,r
a,i,m,e,r
s,u,r,a,s
l,i,m,o,s
f,l,a,c,k
h,a,p,a,x
d,u,t,c,h
m,u,c,k,y
s,h,i,r,e
k,l,i,e,g
s,t,a,p,h
l,a,y,u,p
t,o,k,e,s
a,x,i,n,g
t,o,p,e,r
d,u,v,e,t
c,o,w,r,y
p,r,o,f,s
b,l,a,h,s
a,d,d,l,e
s,u,d,s,y
b,a,t,t,y
c,o,i,f,s
s,u,e,t,y
g,a,b,b,y
h,a,f,t,a
p,i,t,a,s
g,o,u,d,a
d,e,i,c,e
t,a,u,p,e
t,o,p,e,s
d,u,c,h,y
n,i,t,r,o
c,a,r,n,y
l,i,m,e,y
o,r,a,l,s
h,i,r,e,r
t,a,x,e,r
r,o,i,l,s
r,u,b,l,e
e,l,a,t,e
d,o,l,o,r
w,r,y,e,r
s,n,o,t,s
q,u,a,i,s
c,o,k,e,d
g,i,m,e,l
g,o,r,s,e
m,i,n,a,s
g,o,e,s,t
a,g,a,p,e
m,a,n,t,a
j,i,n,g,s
i,l,i,a,c
a,d,m,e,n
o,f,f,e,n
c,i,l,l,s
o,f,f,a,l
l,o,t,t,a
b,o,l,a,s
t,h,w,a,p
a,l,w,a,y
b,o,g,g,y
d,o,n,n,a
l,o,c,o,s
b,e,l,a,y
g,l,u,e,y
b,i,t,s,y
m,i,m,s,y
h,i,l,a,r
o,u,t,t,a
v,r,o,o,m
f,e,t,a,l
r,a,t,h,s
r,e,n,a,l
d,y,a,d,s
c,r,o,c,s
v,i,r,e,s
c,u,l,p,a
k,i,v,a,s
f,e,i,s,t
t,e,a,t,s
t,h,a,t,s
y,a,w,l,s
w,h,e,n,s
a,b,a,c,a
o,h,h,h,h
a,p,h,i,s
f,u,s,t,y
e,c,l,a,t
p,e,r,d,u
m,a,y,s,t
e,x,e,a,t
m,o,l,l,y
s,u,p,r,a
w,e,t,l,y
p,l,a,s,m
b,u,f,f,a
s,e,m,e,n
p,u,k,k,a
t,a,g,u,a
p,a,r,a,s
s,t,o,a,t
s,e,c,c,o
c,a,r,t,e
h,a,u,t,e
m,o,l,a,l
s,h,a,d,s
f,o,r,m,a
o,v,o,i,d
p,i,o,n,s
m,o,d,u,s
b,u,e,n,o
r,h,e,u,m
s,c,u,r,f
p,a,r,e,r
e,p,h,a,h
d,o,e,s,t
s,p,r,u,e
f,l,a,m,s
m,o,l,t,o
d,i,e,t,h
c,h,o,o,s
m,i,k,e,d
b,r,o,n,x
g,o,o,p,y
b,a,l,l,y
p,l,u,m,y
m,o,o,n,y
m,o,r,t,s
y,o,u,r,n
b,i,p,o,d
s,p,u,m,e
a,l,g,a,l
a,m,b,i,t
m,u,c,h,o
s,p,u,e,d
d,o,z,e,r
h,a,r,u,m
g,r,o,a,t
s,k,i,n,t
l,a,u,d,e
t,h,r,u,m
p,a,p,p,y
o,n,c,e,t
r,i,m,e,d
g,i,g,u,e
l,i,m,e,d
p,l,e,i,n
r,e,d,l,y
h,u,m,p,f
l,i,t,e,s
s,e,e,s,t
g,r,e,b,e
a,b,s,i,t
t,h,a,n,x
p,s,h,a,w
y,a,w,p,s
p,l,a,t,s
p,a,y,e,d
a,r,e,a,l
t,i,l,t,h
y,o,u,s,e
g,w,i,n,e
t,h,e,e,s
w,a,t,s,a
l,e,n,t,o
s,p,i,t,z
y,a,w,e,d
g,i,p,s,y
s,p,r,a,t
c,o,r,n,u
a,m,a,h,s
b,l,o,w,y
w,a,h,o,o
l,u,b,r,a
m,e,c,u,m
w,h,o,o,o
c,o,q,u,i
s,a,b,r,a
e,d,e,m,a
m,r,a,d,s
d,i,c,o,t
a,s,t,r,o
k,i,t,e,d
o,u,z,e,l
d,i,d,o,s
g,r,a,t,a
b,o,n,n,e
a,x,m,e,n
k,l,u,n,k
s,u,m,m,a
l,a,v,e,s
p,u,r,l,s
y,a,w,n,y
t,e,a,r,y
m,a,s,s,e
l,a,r,g,o
b,a,z,a,r
p,s,s,s,t
s,y,l,p,h
l,u,l,a,b
t,o,q,u,e
f,u,g,i,t
p,l,u,n,k
o,r,t,h,o
l,u,c,r,e
c,o,o,c,h
w,h,i,p,t
f,o,l,k,y
t,y,r,e,s
w,h,e,e,e
c,o,r,k,y
i,n,j,u,n
s,o,l,o,n
d,i,d,o,t
k,e,r,f,s
r,a,y,e,d
w,a,s,s,a
c,h,i,l,e
b,e,g,a,t
n,i,p,p,y
l,i,t,r,e
m,a,g,n,a
r,e,b,o,x
h,y,d,r,o
m,i,l,c,h
b,r,e,n,t
g,y,v,e,s
l,a,z,e,d
f,e,u,e,d
m,a,v,i,s
i,n,a,p,t
b,a,u,l,k
c,a,s,u,s
s,c,r,u,m
w,i,s,e,d
f,o,s,s,a
d,o,w,e,r
k,y,r,i,e
b,h,o,y,s
s,c,u,s,e
f,e,u,a,r
o,h,m,i,c
j,u,s,t,e
u,k,a,s,e
b,e,a,u,x
t,u,s,k,y
o,r,a,t,e
m,u,s,t,a
l,a,r,d,y
i,n,t,r,a
q,u,i,f,f
e,p,s,o,m
n,e,a,t,h
o,c,h,e,r
t,a,r,e,d
h,o,m,m,e
m,e,z,z,o
c,o,r,m,s
p,s,o,a,s
b,e,a,k,y
t,e,r,r,y
i,n,f,r,a
s,p,i,v,s
t,u,a,n,s
b,e,l,l,i
b,e,r,g,s
a,n,i,m,a
w,e,i,r,s
m,a,h,u,a
s,c,o,p,s
m,a,n,s,e
t,i,t,r,e
c,u,r,i,a
k,e,b,o,b
c,y,c,a,d
t,a,l,k,y
f,u,c,k,s
t,a,p,i,s
a,m,i,d,e
d,o,l,c,e
s,l,o,e,s
j,a,k,e,s
r,u,s,s,e
b,l,a,s,h
t,u,t,t,i
p,r,u,t,a
p,a,n,g,a
b,l,e,b,s
t,e,n,c,h
s,w,a,r,f
h,e,r,e,m
m,i,s,s,y
m,e,r,s,e
p,a,w,k,y
l,i,m,e,n
v,i,v,r,e
c,h,e,r,t
u,n,s,e,e
t,i,r,o,s
b,r,a,c,k
f,o,o,t,s
w,e,l,s,h
f,o,s,s,e
k,n,o,p,s
i,l,e,u,m
n,o,i,r,e
f,i,r,m,a
p,o,d,g,y
l,a,i,r,d
t,h,u,n,k
s,h,u,t,e
r,o,w,a,n
s,h,o,j,i
p,o,e,s,y
u,n,c,a,p
f,a,m,e,s
g,l,e,e,s
c,o,s,t,a
t,u,r,p,s
f,o,r,e,s
s,o,l,u,m
i,m,a,g,o
b,y,r,e,s
f,o,n,d,u
c,o,n,e,y
p,o,l,i,s
d,i,c,t,u
k,r,a,a,l
s,h,e,r,d
m,u,m,b,o
w,r,o,t,h
c,h,a,r,s
u,n,b,o,x
v,a,c,u,o
s,l,u,e,d
w,e,e,s,t
h,a,d,e,s
w,i,l,e,d
s,y,n,c,s
m,u,s,e,r
e,x,c,o,n
h,o,a,r,s
s,i,b,y,l
p,a,s,s,e
j,o,e,y,s
l,o,t,s,a
l,e,p,t,a
s,h,a,y,s
b,o,c,k,s
e,n,d,u,e
d,a,r,e,r
n,o,n,e,s
i,l,e,u,s
p,l,a,s,h
b,u,s,b,y
w,h,e,a,l
b,u,f,f,o
y,o,b,b,o
b,i,l,e,s
p,o,x,e,s
r,o,o,t,y
l,i,c,i,t
t,e,r,c,e
b,r,o,m,o
h,a,y,e,y
d,w,e,e,b
i,m,b,e,d
s,a,r,a,n
b,r,u,i,t
p,u,n,k,y
s,o,f,t,s
b,i,f,f,s
l,o,p,p,y
a,g,a,r,s
a,q,u,a,e
l,i,v,r,e
b,i,o,m,e
b,u,n,d,s
s,h,e,w,s
d,i,e,m,s
g,i,n,n,y
d,e,g,u,m
p,o,l,o,s
d,e,s,e,x
u,n,m,a,n
d,u,n,g,y
v,i,t,a,m
w,e,d,g,y
g,l,e,b,e
a,p,e,r,s
r,i,d,g,y
r,o,i,d,s
w,i,f,e,y
v,a,p,e,s
w,h,o,a,s
b,u,n,k,o
y,o,l,k,y
u,l,n,a,s
r,e,e,k,y
b,o,d,g,e
b,r,a,n,t
d,a,v,i,t
d,e,q,u,e
l,i,k,e,r
j,e,n,n,y
t,a,c,t,s
f,u,l,l,s
t,r,e,a,p
l,i,g,n,e
a,c,k,e,d
r,e,f,r,y
v,o,w,e,r
a,a,r,g,h
c,h,u,r,l
m,o,m,m,a
g,a,o,l,s
w,h,u,m,p
a,r,r,a,s
m,a,r,l,s
t,i,l,e,r
g,r,o,g,s
m,e,m,e,s
m,i,d,i,s
t,i,d,e,d
h,a,l,e,r
d,u,c,e,s
t,w,i,n,y
p,o,s,t,e
u,n,r,i,g
p,r,i,s,e
d,r,a,b,s
q,u,i,d,s
f,a,c,e,r
s,p,i,e,r
b,a,r,i,c
g,e,o,i,d
r,e,m,a,p
t,r,i,e,r
g,u,n,k,s
s,t,e,n,o
s,t,o,m,a
a,i,r,e,r
o,v,a,t,e
t,o,r,a,h
a,p,i,a,n
s,m,u,t,s
p,o,c,k,s
y,u,r,t,s
e,x,u,r,b
d,e,f,o,g
n,u,d,e,r
b,o,s,k,y
n,i,m,b,i
m,o,t,h,y
j,o,y,e,d
l,a,b,i,a
p,a,r,d,s
j,a,m,m,y
b,i,g,l,y
f,a,x,e,r
h,o,p,p,y
n,u,r,b,s
c,o,t,e,s
d,i,s,h,y
v,i,s,e,d
c,e,l,e,b
p,i,s,m,o
c,a,s,a,s
w,i,t,h,s
d,o,d,g,y
s,c,u,d,i
m,u,n,g,s
m,u,o,n,s
u,r,e,a,s
i,o,c,t,l
u,n,h,i,p
k,r,o,n,e
s,a,g,e,r
v,e,r,s,t
e,x,p,a,t
g,r,o,n,k
u,v,u,l,a
s,h,a,w,m
b,i,l,g,y
b,r,a,e,s
c,e,n,t,o
w,e,b,b,y
l,i,p,p,y
g,a,m,i,c
l,o,r,d,y
m,a,z,e,d
t,i,n,g,s
s,h,o,a,t
f,a,e,r,y
w,i,r,e,r
d,i,a,z,o
c,a,r,e,r
r,a,t,e,r
g,r,e,p,s
r,e,n,t,e
z,l,o,t,y
v,i,e,r,s
u,n,a,p,t
p,o,o,p,s
f,e,c,a,l
k,e,p,i,s
t,a,x,o,n
e,y,e,r,s
w,o,n,t,s
s,p,i,n,a
s,t,o,a,e
y,e,n,t,a
p,o,o,e,y
b,u,r,e,t
j,a,p,a,n
b,e,d,e,w
h,a,f,t,s
s,e,l,f,s
o,a,r,e,d
h,e,r,b,y
p,r,y,e,r
o,a,k,u,m
d,i,n,k,s
t,i,t,t,y
s,e,p,o,y
p,e,n,e,s
f,u,s,e,e
w,i,n,e,y
g,i,m,p,s
n,i,h,i,l
r,i,l,l,e
g,i,b,e,r
o,u,s,e,l
u,m,i,a,k
c,u,p,p,y
h,a,m,e,s
s,h,i,t,s
a,z,i,n,e
g,l,a,d,s
t,a,c,e,t
b,u,m,p,h
c,o,y,e,r
h,o,n,k,y
g,a,m,e,r
g,o,o,k,y
w,a,s,p,y
s,e,d,g,y
b,e,n,t,s
v,a,r,i,a
d,j,i,n,n
j,u,n,c,o
p,u,b,i,c
w,i,l,c,o
l,a,z,e,s
i,d,y,l,s
l,u,p,u,s
r,i,v,e,s
s,n,o,o,d
s,c,h,m,o
s,p,a,z,z
f,i,n,i,s
n,o,t,e,r
p,a,v,a,n
o,r,b,e,d
b,a,t,e,s
p,i,p,e,t
b,a,d,d,y
g,o,e,r,s
s,h,a,k,o
s,t,e,t,s
s,e,b,u,m
s,e,e,t,h
l,o,b,a,r
r,a,v,e,r
a,j,u,g,a
r,i,c,e,d
v,e,l,d,s
d,r,i,b,s
v,i,l,l,e
d,h,o,w,s
u,n,s,e,w
h,a,l,m,a
k,r,o,n,a
l,i,m,b,y
j,i,f,f,s
t,r,e,y,s
b,a,u,d,s
p,f,f,f,t
m,i,m,e,r
p,l,e,b,s
c,a,n,e,r
j,i,b,e,r
c,u,p,p,a
w,a,s,h,y
c,h,u,f,f
u,n,a,r,m
y,u,k,k,y
s,t,y,e,s
w,a,k,e,r
f,l,a,k,s
m,a,c,e,s
r,i,m,e,s
g,i,m,p,y
g,u,a,n,o
l,i,r,a,s
k,a,p,o,k
s,c,u,d,s
b,w,a,n,a
o,r,i,n,g
a,i,d,e,r
p,r,i,e,r
k,l,u,g,y
m,o,n,t,e
g,o,l,e,m
v,e,l,a,r
f,i,r,e,r
p,i,e,t,a
u,m,b,e,l
c,a,m,p,o
u,n,p,e,g
f,o,v,e,a
a,b,e,a,m
b,o,s,o,n
a,s,k,e,r
g,o,t,h,s
v,o,c,a,b
v,i,n,e,d
t,r,o,w,s
t,i,k,i,s
l,o,p,e,r
i,n,d,i,e
b,o,f,f,s
s,p,a,n,g
g,r,a,p,y
t,a,t,e,r
i,c,h,o,r
k,i,l,t,y
l,o,c,h,s
s,u,p,e,s
d,e,g,a,s
f,l,i,c,s
t,o,r,s,i
b,e,t,h,s
w,e,b,e,r
r,e,s,a,w
l,a,w,n,y
c,o,v,e,n
m,u,j,i,k
r,e,l,e,t
t,h,e,r,m
h,e,i,g,h
s,h,n,o,r
t,r,u,e,d
z,a,y,i,n
l,i,e,s,t
b,a,r,f,s
b,a,s,s,i
q,o,p,h,s
r,o,i,l,y
f,l,a,b,s
p,u,n,n,y
o,k,r,a,s
h,a,n,k,s
d,i,p,s,o
n,e,r,f,s
f,a,u,n,s
c,a,l,l,a
p,s,e,u,d
l,u,r,e,r
m,a,g,u,s
o,b,e,a,h
a,t,r,i,a
t,w,i,n,k
p,a,l,m,y
p,o,c,k,y
p,e,n,d,s
r,e,c,t,a
p,l,o,n,k
s,l,a,w,s
k,e,e,n,s
n,i,c,a,d
p,o,n,e,s
i,n,k,e,r
w,h,e,w,s
g,r,o,k,s
m,o,s,t,s
t,r,e,w,s
u,l,n,a,r
g,y,p,p,y
c,o,c,a,s
e,x,p,o,s
e,r,u,c,t
o,i,l,e,r
v,a,c,u,a
d,r,e,c,k
d,a,t,e,r
a,r,u,m,s
t,u,b,a,l
v,o,x,e,l
d,i,x,i,t
b,e,e,r,y
a,s,s,a,i
l,a,d,e,s
a,c,t,i,n
g,h,o,t,i
b,u,z,z,y
m,e,a,d,s
g,r,o,d,y
r,i,b,b,y
c,l,e,w,s
c,r,e,m,e
e,m,a,i,l
p,y,x,i,e
k,u,l,a,k
b,o,c,c,i
r,i,v,e,d
d,u,d,d,y
h,o,p,e,r
l,a,p,i,n
w,o,n,k,s
p,e,t,r,i
p,h,i,a,l
f,u,g,a,l
h,o,l,o,n
b,o,o,m,y
d,u,o,m,o
m,u,s,o,s
s,h,i,e,r
h,a,y,e,r
p,o,r,g,y
h,i,v,e,d
l,i,t,h,o
f,i,s,t,y
s,t,a,g,y
l,u,v,y,a
m,a,r,i,a
s,m,o,g,s
a,s,a,n,a
y,o,g,i,c
s,l,o,m,o
f,a,w,n,y
a,m,i,n,e
w,e,f,t,s
g,o,n,a,d
t,w,i,r,p
b,r,a,v,a
p,l,y,e,r
f,e,r,m,i
l,o,g,e,s
n,i,t,e,r
r,e,v,e,t
u,n,a,t,e
g,y,v,e,d
t,o,t,t,y
z,a,p,p,y
h,o,n,e,r
g,i,r,o,s
d,i,c,e,r
c,a,l,k,s
l,u,x,e,s
m,o,n,a,d
c,r,u,f,t
q,u,o,i,n
f,u,m,e,r
a,m,p,e,d
s,h,l,e,p
v,i,n,c,a
y,a,h,o,o
v,u,l,v,a
z,o,o,e,y
d,r,y,a,d
n,i,x,i,e
m,o,p,e,r
i,a,m,b,s
l,u,n,e,s
n,u,d,i,e
l,i,m,n,s
w,e,a,l,s
n,o,h,o,w
m,i,a,o,w
g,o,u,t,s
m,y,n,a,s
m,a,z,e,r
k,i,k,e,s
o,x,e,y,e
s,t,o,u,p
j,u,j,u,s
d,e,b,a,r
p,u,b,e,s
t,a,e,l,s
d,e,f,u,n
r,a,n,d,s
b,l,e,a,r
p,a,v,e,r
g,o,o,s,y
s,p,r,o,g
o,l,e,o,s
t,o,f,f,y
p,a,w,e,r
m,a,c,e,d
c,r,i,t,s
k,l,u,g,e
t,u,b,e,d
s,a,h,i,b
g,a,n,e,f
s,c,a,t,s
s,p,u,t,a
v,a,n,e,d
a,c,n,e,d
t,a,x,o,l
p,l,i,n,k
o,w,e,t,h
t,r,i,b,s
r,e,s,a,y
b,o,u,l,e
t,h,o,u,s
h,a,p,l,y
g,l,a,n,s
m,a,x,i,s
b,e,z,e,l
a,n,t,i,s
p,o,r,k,s
q,u,o,i,t
a,l,k,y,d
g,l,a,r,y
b,e,a,m,y
h,e,x,a,d
b,o,n,k,s
t,e,c,u,m
k,e,r,b,s
f,i,l,a,r
f,r,i,e,r
r,e,d,u,x
a,b,u,z,z
f,a,d,e,r
s,h,o,e,r
c,o,u,t,h
t,r,u,e,s
g,u,y,e,d
g,o,o,n,y
b,o,o,k,y
f,u,z,e,s
h,u,r,l,y
g,e,n,e,t
h,o,d,a,d
c,a,l,i,x
f,i,l,e,r
p,a,w,l,s
i,o,d,i,c
u,t,e,r,o
h,e,n,g,e
u,n,s,a,y
l,i,e,r,s
p,i,i,n,g
w,e,a,l,d
s,e,x,e,d
f,o,l,i,c
p,o,x,e,d
c,u,n,t,s
a,n,i,l,e
k,i,t,h,s
b,e,c,k,s
t,a,t,t,y
p,l,e,n,a
r,e,b,a,r
a,b,l,e,d
t,o,y,e,r
a,t,t,a,r
t,e,a,k,s
a,i,o,l,i
a,w,i,n,g
a,n,e,n,t
f,e,c,e,s
r,e,d,i,p
w,i,s,t,s
p,r,a,t,s
m,e,s,n,e
m,u,t,e,r
s,m,u,r,f
o,w,e,s,t
b,a,h,t,s
l,o,s,s,y
f,t,p,e,d
h,u,n,k,y
h,o,e,r,s
s,l,i,e,r
s,i,c,k,s
f,a,t,l,y
d,e,l,f,t
h,i,v,e,r
h,i,m,b,o
p,e,n,g,o
b,u,s,k,s
l,o,x,e,s
z,o,n,k,s
i,l,i,u,m
a,p,o,r,t
i,k,o,n,s
m,u,l,c,t
r,e,e,v,e
c,i,v,v,y
c,a,n,n,a
b,a,r,f,y
k,a,i,a,k
s,c,u,d,o
k,n,o,u,t
g,a,p,e,r
b,h,a,n,g
p,e,a,s,e
u,t,e,r,i
l,a,s,e,s
p,a,t,e,n
r,a,s,a,e
a,x,e,l,s
s,t,o,a,s
o,m,b,r,e
s,t,y,l,i
g,u,n,k,y
h,a,z,e,r
k,e,n,a,f
a,h,o,y,s
a,m,m,o,s
w,e,e,n,y
u,r,g,e,r
k,u,d,z,u
p,a,r,e,n
b,o,l,o,s
f,e,t,o,r
n,i,t,t,y
t,e,c,h,y
l,i,e,t,h
s,o,m,a,s
d,a,r,k,y
v,i,l,l,i
g,l,u,o,n
j,a,n,e,s
c,a,n,t,s
f,a,r,t,s
s,o,c,l,e
j,i,n,n,s
r,u,i,n,g
s,l,i,l,y
r,i,c,e,r
h,a,d,d,a
w,o,w,e,e
r,i,c,e,s
n,e,r,t,s
c,a,u,l,s
s,w,i,v,e
l,i,l,t,y
m,i,c,k,s
a,r,i,t,y
p,a,s,h,a
f,i,n,i,f
o,i,n,k,y
g,u,t,t,y
t,e,t,r,a
w,i,s,e,s
w,o,l,d,s
b,a,l,d,s
p,i,c,o,t
w,h,a,t,s
s,h,i,k,i
b,u,n,g,s
s,n,a,r,f
l,e,g,o,s
d,u,n,g,s
s,t,o,g,y
b,e,r,m,s
t,a,n,g,s
v,a,i,l,s
r,o,o,d,s
m,o,r,e,l
s,w,a,r,e
e,l,a,n,s
l,a,t,u,s
g,u,l,e,s
r,a,z,e,r
d,o,x,i,e
b,u,e,n,a
o,v,e,r,s
g,u,t,t,a
z,i,n,c,s
n,a,t,e,s
k,i,r,k,s
t,i,k,e,s
d,o,n,e,e
j,e,r,r,y
m,o,h,e,l
c,e,d,e,r
d,o,g,e,s
u,n,m,a,p
f,o,l,i,a
r,a,w,l,y
s,n,a,r,k
t,o,p,o,i
c,e,i,l,s
i,m,m,i,x
y,o,r,e,s
d,i,e,s,t
b,u,b,b,a
p,o,m,p,s
f,o,r,k,y
t,u,r,d,y
l,a,w,z,y
p,o,o,h,s
w,o,r,t,s
g,l,o,m,s
b,e,a,n,o
m,u,l,e,y
b,a,r,k,y
t,u,n,n,y
a,u,r,i,c
f,u,n,k,s
g,a,f,f,s
c,o,r,d,y
c,u,r,d,y
l,i,s,l,e
t,o,r,i,c
s,o,y,a,s
r,e,m,a,n
m,u,n,g,y
c,a,r,p,y
a,p,i,s,h
o,a,t,e,n
g,a,p,p,y
a,u,r,a,e
b,r,a,c,t
r,o,o,k,y
a,x,l,e,d
b,u,r,r,y
s,i,z,e,r
p,r,o,e,m
t,u,r,f,y
i,m,p,r,o
m,a,s,h,y
m,i,e,n,s
n,o,n,n,y
o,l,i,o,s
g,r,o,o,k
s,a,t,e,s
a,g,l,e,y
c,o,r,g,i
d,a,s,h,y
d,o,s,e,r
d,i,l,d,o
a,p,s,o,s
x,o,r,e,d
l,a,k,e,r
p,l,a,y,a
s,e,l,a,h
m,a,l,t,y
d,u,l,s,e
f,r,i,g,s
d,e,m,i,t
w,h,o,s,o
r,i,a,l,s
s,a,w,e,r
s,p,i,c,s
b,e,d,i,m
s,n,u,g,s
f,a,n,i,n
a,z,o,i,c
i,c,e,r,s
s,u,e,r,s
w,i,z,e,n
k,o,i,n,e
t,o,p,o,s
s,h,i,r,r
r,i,f,e,r
f,e,r,a,l
l,a,d,e,d
l,a,s,e,d
t,u,r,d,s
s,w,e,d,e
e,a,s,t,s
c,o,z,e,n
u,n,h,i,t
p,a,l,l,y
a,i,t,c,h
s,e,d,u,m
c,o,p,e,r
r,u,c,h,e
g,e,e,k,s
s,w,a,g,s
e,t,e,x,t
a,l,g,i,n
o,f,f,e,d
n,i,n,j,a
h,o,l,e,r
d,o,t,e,r
t,o,t,e,r
b,e,s,o,t
d,i,c,u,t
m,a,c,e,r
p,e,e,n,s
p,e,w,i,t
r,e,d,o,x
p,o,l,e,r
y,e,c,c,h
f,l,u,k,y
d,o,e,t,h
t,w,a,t,s
c,r,u,d,s
b,e,b,u,g
b,i,d,e,r
s,t,e,l,e
h,e,x,e,r
w,e,s,t,s
g,l,u,e,r
p,i,l,a,u
a,b,a,f,t
w,h,e,l,m
l,a,c,e,r
i,n,o,d,e
t,a,b,u,s
g,a,t,o,r
c,u,i,n,g
r,e,f,l,y
l,u,t,e,d
c,u,k,e,s
b,a,i,r,n
b,i,g,h,t
a,r,s,e,s
c,r,u,m,p
l,o,g,g,y
b,l,i,n,i
s,p,o,o,r
t,o,y,o,n
h,a,r,k,s
w,a,z,o,o
f,e,n,n,y
n,a,v,e,s
k,e,y,e,r
t,u,f,a,s
m,o,r,p,h
r,a,j,a,s
t,y,p,a,l
s,p,i,f,f
o,x,l,i,p
u,n,b,a,n
m,u,s,s,y
f,i,n,n,y
r,i,m,e,r
l,o,g,i,n
m,o,l,a,s
c,i,r,r,i
h,u,z,z,a
a,g,o,n,e
u,n,s,e,x
u,n,w,o,n
p,e,a,t,s
t,o,i,l,e
z,o,m,b,i
d,e,w,e,d
n,o,o,k,y
a,l,k,y,l
i,x,n,a,y
d,o,v,e,y
h,o,l,e,y
c,u,b,e,r
a,m,y,l,s
p,o,d,i,a
c,h,i,n,o
a,p,n,e,a
p,r,i,m,s
l,y,c,r,a
j,o,h,n,s
p,r,i,m,o
f,a,t,w,a
e,g,g,e,r
h,e,m,p,y
s,n,o,o,k
h,y,i,n,g
f,u,z,e,d
b,a,r,m,s
c,r,i,n,k
m,o,o,t,s
y,e,r,b,a
r,h,u,m,b
u,n,a,r,c
d,i,r,e,r
m,u,n,g,e
e,l,a,n,d
n,a,r,e,s
w,r,i,e,r
n,o,d,d,y
a,t,i,l,t
j,u,k,e,s
e,n,d,e,r
t,h,e,n,s
u,n,f,i,x
d,o,g,g,o
z,o,o,k,s
d,i,d,d,y
s,h,m,o,o
b,r,u,s,k
p,r,e,s,t
c,u,r,e,r
p,a,s,t,s
k,e,l,p,y
b,o,c,c,e
k,i,c,k,y
t,a,r,o,s
l,i,n,g,s
d,i,c,k,y
n,e,r,d,y
a,b,e,n,d
s,t,e,l,a
b,i,g,g,y
l,a,v,e,d
b,a,l,d,y
p,u,b,i,s
g,o,o,k,s
w,o,n,k,y
s,t,i,e,d
h,y,p,o,s
a,s,s,e,d
s,p,u,m,y
o,s,i,e,r
r,o,b,l,e
r,u,m,b,a
b,i,f,f,y
p,u,p,a,l
